time,pitch,roll,gyrx,gyry,gyrz,f1,f2,f3,f4,f5,f6,f7,g1,g2,g3
0.388,27.57,70.77,-2.69,0.66,0.79,0,2,0,10,0,0,0,0.00,0.00,0.00,
0.412,31.611,81.23700000000001,-2.79,-0.53,0.55,0,2,0,10,0,0,0,0.00,0.00,0.39,
0.436,35.3091,91.1577,-2.56,2.86,0.76,0,2,0,10,0,0,0,0.00,0.00,0.78,
0.459,38.68491,99.76377,-2.78,-0.44,0.84,0,2,0,10,0,0,0,0.00,0.00,0.78,
0.484,41.470491,107.050377,-2.69,-0.03,0.82,0,2,0,10,0,0,0,0.00,0.00,0.39,
0.507,43.7560491,113.2060377,-2.46,1.64,0.57,0,2,0,10,0,0,0,0.00,0.00,0.10,
0.531,45.78460491,118.42960377,-2.84,1.19,0.93,0,2,0,10,0,0,0,0.00,0.00,0.10,
0.556,47.526460491,122.884960377,-3.24,0.9,0.23,0,2,0,10,0,0,0,0.00,0.00,0.59,
0.579,48.8976460491,126.6154960377,-3.73,0.94,0.92,0,2,0,10,0,0,0,0.00,0.00,0.88,
0.603,50.16876460491,129.84154960376998,-3.56,1.77,1.58,0,2,0,10,0,0,0,0.00,0.00,0.69,
0.626,51.123876460491,132.531154960377,-3.14,-0.08,1.18,0,2,0,10,0,0,0,0.00,0.00,0.20,
0.651,51.930387646049105,134.8251154960377,-3.55,1.08,0.85,0,2,0,10,0,0,0,0.00,0.00,0.00,
0.674,52.64103876460491,136.79151154960377,-3.37,1.31,1.38,0,2,0,10,0,0,0,0.00,0.00,0.29,
0.698,53.31510387646049,138.4011511549604,-3.86,0.18,1.6,0,2,0,10,0,0,0,0.00,0.00,0.69,
0.722,53.76951038764605,139.85811511549605,-4.06,1.76,0.99,0,2,0,10,0,0,0,0.00,0.00,0.78,
0.746,54.09395103876461,141.22781151154962,-4.19,1.72,0.89,0,2,0,10,0,0,0,0.00,0.00,0.69,
0.77,54.594395103876465,142.34578115115497,-3.21,0.48,0.74,0,2,0,10,0,0,0,0.00,0.00,0.20,
0.794,55.00443951038765,143.2585781151155,-2.53,-0.08,0.92,0,2,0,10,0,0,0,0.00,0.00,0.49,
0.818,55.19844395103876,144.06985781151155,-2.91,1.4,1.41,0,2,0,10,0,0,0,0.00,0.00,0.69,
0.841,55.397844395103874,144.74498578115114,-2.93,0.21,0.5,0,2,0,10,0,0,0,0.00,0.00,0.78,
0.866,55.70578443951039,145.27149857811514,-2.5,0.61,0.43,0,2,0,10,0,0,0,0.00,0.00,0.78,
0.889,55.92557844395104,145.7831498578115,-2.42,1.31,0.77,0,2,0,10,0,0,0,0.00,0.00,0.49,
0.913,55.929557844395106,146.12231498578114,-2.43,1.28,1.53,0,2,0,10,0,0,0,0.00,0.00,0.20,
0.937,56.07395578443951,146.5432314985781,-1.98,0.9,1.77,0,2,0,10,0,0,0,0.00,0.00,0.39,
0.961,56.115395578443945,146.86432314985782,-2.66,-0.39,1.48,0,2,0,10,0,0,0,0.00,0.00,0.69,
0.985,56.1105395578444,147.02243231498576,-2.18,0.57,0.88,0,2,0,10,0,0,0,0.00,0.00,0.98,
1.009,56.17305395578444,147.09224323149857,-2.76,2.04,0.26,0,2,0,10,0,0,0,0.00,0.00,0.78,
1.033,56.29630539557844,147.19822432314987,-2.89,0.06,-0.19,0,2,0,10,0,0,0,0.00,0.00,0.39,
1.056,56.53363053955785,147.316822432315,-3.23,0.28,0.21,0,2,0,10,0,0,0,0.00,0.00,0.20,
1.081,56.467363053955786,147.4726822432315,-2.86,-0.02,0.36,0,2,0,10,0,0,0,0.00,0.00,0.49,
1.104,56.49673630539558,147.55126822432314,-3.11,-0.69,-0.05,0,2,0,10,0,0,0,0.00,0.00,0.88,
1.128,56.46367363053956,147.69412682243234,-3.19,1.97,0.43,0,2,0,10,0,0,0,0.00,0.00,0.98,
1.153,56.41536736305395,147.87941268224324,-2.11,0.44,0.51,0,2,0,10,0,0,0,0.00,0.00,0.29,
1.176,56.554536736305394,148.13194126822432,-2.47,0.21,1.4,0,2,0,10,0,0,0,0.00,0.00,0.20,
1.2,56.77545367363054,148.13019412682243,-1.89,1.69,2.31,0,2,0,10,0,0,0,0.00,0.00,0.20,
1.224,57.112545367363055,148.14801941268226,-2.5,1.01,2.76,0,2,0,10,0,0,0,0.00,0.00,0.78,
1.248,57.25425453673631,148.07780194126823,-2.69,3.08,2.23,0,2,0,10,0,0,0,0.00,0.00,0.98,
1.271,57.30442545367363,147.89978019412683,-3.77,1.26,2.61,0,2,0,10,0,0,0,0.00,0.00,0.78,
1.295,57.39044254536736,147.88197801941268,-4.34,1.73,2.65,0,2,0,10,0,0,0,0.00,0.00,0.29,
1.319,57.39904425453673,147.79919780194126,-4.04,1.71,2.37,0,2,0,10,0,0,0,0.00,0.00,0.00,
1.343,57.507904425453674,147.7009197801941,-5.21,-0.23,1.97,0,2,0,10,0,0,0,0.00,0.00,0.20,
1.367,57.41979044254536,147.60109197801944,-6.34,2.33,1.34,0,2,0,10,0,0,0,0.00,0.00,0.00,
1.391,57.311979044254535,147.69010919780195,-6.21,2.02,0.98,0,2,0,10,0,0,0,0.00,0.00,0.10,
1.415,57.06719790442545,147.7170109197802,-6.6,0.04,-0.27,0,2,0,10,0,0,0,0.00,0.00,0.39,
1.438,56.92571979044254,147.800701091978,-6.28,1.97,-0.95,0,2,0,10,0,0,0,0.00,0.00,0.78,
1.463,57.01057197904426,147.68307010919779,-6.34,0.15,-1.25,0,2,0,10,0,0,0,0.00,0.00,0.49,
1.486,57.50505719790443,147.35630701091978,-7.93,2.23,-2.13,0,2,0,10,0,0,0,0.00,0.10,0.10,
1.511,58.02250571979044,146.72063070109198,-10.15,2.01,-2.21,0,2,0,10,0,0,0,0.00,0.20,0.49,
1.534,58.75825057197905,145.62206307010922,-13.24,6.5,-4.31,0,2,0,10,0,0,0,0.00,0.20,0.39,
1.558,60.1188250571979,143.5772063070109,-19.46,7.7,-12.54,0,2,0,10,0,0,0,0.00,0.20,0.88,
1.583,61.74888250571979,142.15772063070108,-30.51,2.71,-26.39,0,2,0,10,0,0,0,0.00,0.39,1.18,
1.607,62.66788825057198,142.46577206307012,-34.51,10.79,-27.08,0,2,0,10,0,0,0,0.00,0.88,0.39,
1.631,62.3637888250572,143.450577206307,-22.68,12.78,-22.37,0,2,0,10,0,0,0,0.00,1.57,0.00,
1.655,62.05437888250572,144.00805772063072,-15.24,4.9,-13.5,0,2,0,10,0,0,0,0.00,2.75,0.00,
1.68,62.20343788825057,143.91980577206309,-18.47,9.59,2.95,0,2,0,10,0,0,0,0.00,2.75,0.49,
1.703,62.51534378882506,142.5879805772063,-20.63,6.27,10.57,0,2,0,10,0,0,0,0.00,1.96,0.78,
1.727,64.1215343788825,140.87979805772062,-33.47,20.32,10.99,0,2,0,10,0,0,0,0.00,1.57,0.98,
1.752,64.71415343788824,139.70097980577205,-51.4,12.08,11.33,0,2,0,10,0,0,0,0.00,1.37,0.69,
1.776,64.26941534378882,138.8450979805772,-47.27,34.92,16.07,0,2,0,10,0,0,0,0.00,1.37,0.00,
1.8,64.75594153437888,137.32850979805772,-44.33,47.4,9.84,0,2,0,10,0,0,0,0.00,1.28,0.00,
1.824,66.8565941534379,134.58485097980576,-59.43,24.0,2.05,0,2,0,10,0,0,0,0.00,1.37,0.88,
1.848,68.11965941534379,131.07948509798058,-61.83,36.42,-0.22,0,2,0,10,0,0,0,0.00,1.37,1.08,
1.872,70.32496594153437,127.59694850979804,-66.77,36.72,-0.88,0,2,0,11,0,0,0,0.00,1.47,0.69,
1.896,72.75949659415343,123.9906948509798,-83.82,42.46,9.85,0,2,0,10,0,0,0,0.00,1.37,0.59,
1.921,74.83894965941535,120.69606948509798,-95.18,47.02,16.61,0,2,0,10,0,0,0,0.00,1.37,0.49,
1.944,77.08989496594154,116.7576069485098,-99.95,49.37,10.08,0,2,0,10,0,0,0,0.00,1.47,0.59,
1.969,78.84498949659417,112.53876069485098,-106.69,37.13,6.73,0,2,0,10,0,0,0,0.00,1.37,0.20,
1.992,80.56849894965943,109.19187606948509,-114.68,19.33,-4.34,0,2,0,10,0,0,0,0.00,1.47,0.29,
2.017,80.43484989496594,105.61718760694852,-113.42,58.0,-2.85,0,2,0,10,0,0,0,0.00,1.47,1.28,
2.041,79.90848498949659,103.72971876069484,-107.91,36.89,2.47,0,2,0,10,0,0,0,0.00,1.37,1.37,
2.065,80.05384849894966,102.78497187606949,-101.34,50.3,6.36,0,2,0,10,0,1,0,0.00,1.37,0.20,
2.089,79.96038484989496,102.23149718760695,-94.5,22.28,8.05,0,2,0,10,0,1,0,0.00,1.47,0.00,
2.113,79.5100384849895,102.7521497187607,-92.82,16.94,9.02,0,2,0,11,0,1,0,0.00,1.37,0.00,
2.138,78.22300384849895,104.83821497187607,-90.88,14.89,7.68,0,2,0,11,0,1,0,0.00,1.47,0.39,
2.161,76.9513003848499,107.27882149718761,-79.78,20.02,1.47,0,2,0,11,0,1,0,0.00,1.57,0.98,
2.186,76.05913003848498,109.97988214971876,-72.63,21.02,-10.08,0,2,0,11,0,1,0,0.00,1.96,0.29,
2.209,75.78991300384851,113.01298821497187,-46.6,29.81,-27.53,0,2,0,11,0,1,0,0.00,3.53,0.00,
2.234,76.33899130038486,117.24029882149718,-38.86,9.71,-16.77,0,2,0,11,0,1,0,0.00,3.43,0.00,
2.257,75.96189913003849,121.24502988214971,-18.73,14.19,9.79,0,2,0,11,0,1,0,0.00,3.73,0.00,
2.282,74.25018991300385,123.64350298821498,3.55,18.91,9.76,0,2,0,11,0,1,0,0.00,2.16,0.69,
2.306,72.8370189913004,124.3243502988215,15.71,11.6,-11.95,0,2,0,11,0,1,0,0.00,1.86,1.08,
2.33,72.78570189913005,124.37443502988214,21.91,13.12,-27.43,0,2,0,10,0,1,0,0.00,1.96,1.08,
2.354,74.733570189913,125.56744350298823,15.73,12.7,-17.93,0,2,0,10,0,1,0,0.00,2.26,0.98,
2.378,75.9093570189913,125.96574435029882,24.83,2.21,12.76,0,2,0,10,0,1,0,0.00,2.55,0.10,
2.402,76.43193570189912,125.14157443502988,25.06,-15.08,6.57,0,2,0,10,0,1,0,0.00,3.53,0.20,
2.426,78.0951935701899,122.71915744350298,-5.87,10.97,6.4,0,2,0,10,0,1,0,0.00,3.43,0.88,
2.45,80.15151935701898,117.4999157443503,-64.02,-20.15,8.37,0,2,0,10,0,0,0,0.00,3.34,2.35,
2.475,82.21115193570189,110.45299157443503,-53.32,-2.57,-34.82,0,2,0,10,0,1,0,0.10,2.26,0.78,
2.499,79.57311519357019,106.85929915744349,-19.24,-35.95,-23.99,0,2,0,10,0,1,0,0.59,0.00,0.20,
2.523,81.63131151935703,105.39292991574436,-0.6,24.27,-16.18,0,2,0,10,0,2,0,0.29,0.00,4.12,
2.547,82.9801311519357,104.83229299157442,-9.14,7.67,-6.16,0,2,0,11,0,2,0,0.29,0.00,1.47,
2.572,83.71801311519357,104.43422929915745,-11.18,-6.99,1.34,0,2,0,11,0,2,0,0.59,0.00,0.39,
2.595,83.63880131151936,103.41342292991574,-13.17,2.79,2.77,0,2,0,11,0,2,0,1.18,0.00,0.00,
2.62,83.68488013115193,102.48334229299157,-11.4,2.44,1.69,0,2,0,11,0,3,0,1.67,0.69,0.00,
2.644,83.7524880131152,101.80533422929915,-7.62,3.25,-1.89,0,2,0,11,0,3,0,2.06,0.00,0.00,
2.668,83.96624880131151,101.35953342292991,-5.66,-1.18,2.05,0,2,0,11,0,3,0,2.16,0.00,0.20,
2.693,84.18562488013114,100.918953342293,-4.63,0.24,3.08,0,2,0,11,0,4,0,2.35,0.00,0.00,
2.717,84.31556248801311,100.40689533422929,-0.56,4.6,1.82,0,2,0,11,0,4,0,2.45,0.00,0.00,
2.741,84.39155624880132,100.20268953342293,-2.8,-5.75,3.34,0,2,0,11,0,4,0,2.65,0.00,0.29,
2.765,84.31815562488013,99.91226895334229,-6.03,-1.34,1.11,0,2,0,11,0,4,0,2.55,0.00,0.59,
2.789,84.17581556248801,99.67622689533422,-3.42,1.16,-1.1,0,2,0,11,0,4,0,2.55,0.00,0.69,
2.813,84.3865815562488,99.62562268953343,-3.79,-1.02,1.57,0,2,0,11,0,4,0,2.65,0.00,0.88,
2.837,84.33565815562488,99.47656226895333,-5.24,-0.47,2.53,0,2,0,11,0,4,0,2.65,0.00,0.69,
2.862,84.27656581556249,99.34465622689534,-5.35,-0.15,0.37,0,2,0,11,0,4,0,2.65,0.00,0.59,
2.885,84.36965658155624,99.18746562268953,-4.82,2.24,0.21,0,2,0,11,0,4,0,2.65,0.00,0.98,
2.91,84.47796565815563,99.05474656226896,-4.09,-0.89,-0.72,0,2,0,11,0,4,0,2.84,0.00,1.08,
2.933,84.31779656581557,98.87047465622689,-4.92,-1.43,-1.35,0,2,0,11,0,4,0,2.84,0.00,0.98,
2.958,84.26577965658156,98.68104746562268,-5.15,2.69,-1.45,0,2,0,11,0,4,0,2.75,0.00,0.88,
2.982,84.44057796565815,98.59010474656226,-3.26,2.84,-0.81,0,2,0,11,0,3,0,2.75,0.00,0.69,
3.006,84.58405779656582,98.52701047465621,-2.85,1.85,1.11,0,2,0,11,0,3,0,2.84,0.00,1.08,
3.031,84.48140577965657,98.44870104746562,-2.76,1.45,1.0,0,2,0,11,0,3,0,2.84,0.00,0.20,
3.054,84.34514057796567,98.37787010474656,-2.76,1.47,-0.81,0,2,0,11,0,3,0,2.75,0.00,0.39,
3.079,84.48451405779656,98.37978701047466,-3.12,2.56,-1.85,0,2,0,11,0,3,0,2.75,0.00,0.98,
3.102,84.62445140577965,98.31697870104746,-4.97,0.73,-1.09,0,2,0,11,0,3,0,2.75,0.00,1.37,
3.127,84.74644514057798,98.36469787010475,-3.47,2.13,-0.21,0,2,0,11,0,3,0,2.84,0.00,1.18,
3.15,84.6506445140578,98.29746978701048,-3.99,-1.58,0.76,0,2,0,11,0,3,0,2.75,0.00,0.78,
3.175,84.72206445140579,98.26374697870105,-3.49,1.44,0.2,0,2,0,11,0,3,0,2.75,0.00,0.39,
3.198,84.81020644514057,98.2693746978701,-4.51,-0.65,2.11,0,2,0,11,0,3,0,2.75,0.00,0.69,
3.223,84.78302064451407,98.21593746978701,-4.17,-1.62,1.34,0,2,0,11,0,3,0,2.65,0.00,0.78,
3.247,84.7803020644514,98.2285937469787,-4.49,-0.04,2.15,0,2,0,11,0,3,0,2.75,0.00,0.78,
3.271,84.69003020644514,98.18485937469788,-4.63,-0.98,2.09,0,2,0,11,0,3,0,2.75,0.00,0.39,
3.295,84.5730030206445,98.1444859374698,-4.28,-1.18,0.63,0,2,0,11,0,3,0,2.84,0.00,0.00,
3.319,84.52530030206445,98.10444859374697,-4.01,0.61,0.4,0,2,0,11,0,3,0,2.75,0.00,0.29,
3.344,84.52053003020644,98.0464448593747,-3.6,0.88,0.99,0,2,0,11,0,3,0,2.75,0.00,0.78,
3.367,84.53805300302065,98.01364448593748,-3.04,1.21,1.69,0,2,0,11,0,4,0,2.75,0.00,0.78,
3.391,84.55780530030206,98.06436444859374,-3.0,2.71,2.01,0,2,0,11,0,4,0,2.65,0.00,0.10,
3.416,84.53278053003021,98.12343644485937,-3.53,0.07,2.28,0,2,0,11,0,4,0,2.65,0.00,0.00,
3.439,84.51227805300303,98.12034364448594,-2.93,2.53,1.73,0,2,0,11,0,4,0,2.45,0.00,0.00,
3.464,84.5282278053003,98.1200343644486,-2.82,0.77,2.09,0,2,0,11,0,4,1,2.65,0.00,0.39,
3.487,84.52982278053003,98.08400343644486,-3.2,2.39,1.84,0,2,0,11,0,4,1,2.55,0.00,0.49,
3.512,84.448982278053,98.08940034364448,-3.6,1.89,2.05,0,2,0,11,0,4,1,2.45,0.00,0.59,
3.535,84.5218982278053,98.01794003436444,-3.76,2.05,1.93,0,2,0,11,0,4,1,2.65,0.00,0.39,
3.56,84.59218982278053,98.03779400343645,-2.69,4.2,1.7,0,2,0,11,0,5,1,2.55,0.00,0.10,
3.584,84.62621898227805,98.00377940034365,-2.91,0.56,1.5,0,2,0,11,0,5,1,2.45,0.00,0.39,
3.608,84.71062189822781,98.03637794003437,-3.1,2.31,1.51,0,2,0,11,0,5,1,2.45,0.00,0.78,
3.632,84.71906218982278,98.09363779400343,-3.29,2.14,1.36,0,2,0,11,0,5,1,2.45,0.00,0.00,
3.656,84.76490621898228,98.09936377940033,-3.44,1.93,1.37,0,2,0,11,0,5,1,2.35,0.00,0.29,
3.68,84.78749062189823,98.05493637794004,-2.9,0.92,0.68,0,2,0,11,0,5,2,2.35,0.00,0.39,
3.703,84.88874906218983,98.086493637794,-3.32,1.89,1.37,0,2,0,11,0,5,2,2.26,0.00,0.59,
3.728,84.925874906219,98.12564936377939,-3.23,2.91,1.56,0,2,0,11,0,5,1,2.35,0.00,0.29,
3.751,84.8845874906219,98.09356493637794,-3.16,1.35,1.34,0,2,0,11,0,5,1,2.35,0.00,0.10,
3.776,84.8984587490622,98.12635649363779,-2.85,2.21,1.18,0,2,0,11,0,5,1,2.35,0.00,0.39,
3.8,84.92684587490623,98.12063564936378,-2.59,2.72,1.98,0,2,0,11,0,5,1,2.35,0.00,0.59,
3.824,84.96568458749061,98.08406356493639,-3.3,1.61,1.31,0,2,0,11,0,5,1,2.35,0.00,0.29,
3.848,84.96956845874905,98.09840635649363,-3.18,1.65,1.1,0,2,0,11,0,4,1,2.55,0.00,0.29,
3.872,84.9879568458749,98.11784063564937,-3.15,2.43,1.46,0,2,0,11,0,4,1,2.45,0.00,0.20,
3.896,84.97179568458749,98.13778406356494,-3.62,0.29,1.24,0,2,0,11,0,4,1,2.45,0.00,0.29,
3.92,85.01517956845875,98.1397784063565,-3.29,0.53,0.98,0,2,0,11,0,4,1,2.45,0.00,0.39,
3.944,85.02851795684587,98.13997784063565,-3.27,1.37,1.29,0,2,0,11,0,4,1,2.55,0.00,0.69,
3.968,85.0478517956846,98.13099778406355,-3.47,0.26,1.26,0,2,0,11,0,4,1,2.55,0.00,0.88,
3.992,85.13078517956846,98.13909977840636,-3.96,-0.15,1.23,0,2,0,11,0,4,1,2.55,0.00,0.29,
4.016,85.14807851795685,98.13090997784063,-3.48,0.77,1.39,0,2,0,11,0,4,1,2.75,0.00,0.20,
4.04,85.11380785179568,98.13909099778407,-3.39,0.63,0.76,0,2,0,11,0,4,1,2.65,0.00,0.39,
4.064,85.05638078517957,98.1219090997784,-3.27,1.01,1.02,0,2,0,11,0,4,1,2.65,0.00,0.78,
4.088,85.11363807851797,98.09319090997785,-3.31,1.11,1.29,0,2,0,11,0,4,1,2.65,0.00,0.98,
4.112,85.0743638078518,98.1353190909978,-3.29,1.71,1.08,0,2,0,11,0,4,1,2.65,0.00,0.78,
4.136,85.05243638078518,98.14853190909979,-3.63,0.35,1.06,0,2,0,11,0,4,1,2.75,0.00,0.59,
4.16,85.09524363807851,98.15885319090997,-3.05,0.86,0.83,0,2,0,11,0,4,1,2.75,0.00,0.49,
4.185,85.12652436380786,98.18688531909099,-3.44,1.15,1.29,0,2,0,11,0,4,1,2.65,0.00,0.59,
4.208,85.05765243638079,98.1536885319091,-3.49,0.21,0.67,0,2,0,11,0,4,1,2.65,0.00,0.88,
4.233,85.10476524363808,98.15036885319091,-3.14,0.73,0.5,0,2,0,11,0,4,1,2.84,0.00,0.88,
4.256,85.14547652436381,98.15903688531908,-3.3,0.27,1.1,0,2,0,11,0,4,1,2.65,0.00,0.59,
4.281,85.14954765243638,98.12390368853191,-3.15,1.09,1.47,0,2,0,11,0,4,1,2.65,0.00,0.69,
4.304,85.13195476524365,98.06639036885319,-3.22,2.17,1.46,0,2,0,11,0,4,1,2.75,0.00,0.49,
4.329,85.17519547652437,98.04263903688532,-3.11,1.33,1.4,0,2,0,11,0,4,1,2.75,0.00,0.10,
4.353,85.13451954765245,98.00426390368852,-3.13,0.52,0.89,0,2,0,11,0,4,1,2.65,0.00,0.00,
4.376,85.24745195476525,97.98242639036886,-3.2,0.78,1.13,0,2,0,11,0,4,1,2.75,0.00,0.29,
4.401,85.20474519547653,97.94424263903689,-3.24,1.37,1.0,0,2,0,11,0,4,1,2.65,0.00,0.69,
4.424,85.16447451954765,97.92242426390368,-3.1,0.23,0.55,0,2,0,11,0,4,1,2.75,0.00,0.49,
4.449,85.13344745195477,97.93824242639036,-3.09,0.31,0.69,0,2,0,11,0,4,1,2.65,0.00,0.39,
4.472,85.16634474519549,97.93982424263903,-3.17,1.56,0.89,0,2,0,11,0,4,1,2.65,0.00,0.20,
4.497,85.15163447451955,97.9399824242639,-3.15,0.56,0.63,0,2,0,11,0,4,1,2.75,0.00,0.49,
4.52,85.12316344745196,97.98499824242639,-3.28,-0.01,0.4,0,2,0,11,0,4,1,2.75,0.00,0.69,
4.545,85.0933163447452,98.01649982424264,-3.21,0.06,0.61,0,2,0,11,0,4,1,2.65,0.00,0.78,
4.569,85.11733163447452,98.02864998242427,-3.14,0.56,0.6,0,2,0,11,0,4,1,2.65,0.00,0.78,
4.593,85.14673316344745,98.03886499824243,-3.18,0.76,0.47,0,2,0,11,0,4,1,2.65,0.00,0.49,
4.617,85.10467331634474,98.03088649982425,-3.43,-0.73,0.52,0,2,0,11,0,4,1,2.55,0.00,0.39,
4.641,85.05546733163447,98.06608864998242,-3.27,-0.65,0.18,0,2,0,11,0,4,1,2.65,0.00,0.59,
4.665,85.02354673316344,98.06060886499824,-3.35,0.34,0.66,0,2,0,11,0,4,1,2.55,0.00,0.78,
4.689,84.96635467331635,98.06906088649981,-3.38,0.77,0.6,0,2,0,11,0,4,1,2.75,0.00,0.78,
4.713,84.89763546733163,98.06090608864999,-3.16,0.13,0.45,0,2,0,11,0,4,1,2.65,0.00,0.49,
4.738,84.94476354673316,98.087090608865,-3.46,0.4,0.73,0,2,0,11,0,4,1,2.55,0.00,0.39,
4.761,84.8954763546733,98.0267090608865,-3.34,-0.71,0.41,0,2,0,11,0,4,1,2.55,0.00,0.49,
4.786,84.97154763546733,97.98467090608865,-3.34,-0.06,0.26,0,2,0,11,0,4,1,2.55,0.00,0.59,
4.809,85.01515476354673,97.99846709060887,-3.32,0.37,0.65,0,2,0,11,0,4,1,2.55,0.00,0.88,
4.834,85.01951547635467,98.02684670906089,-3.21,0.92,0.83,0,2,0,11,0,5,1,2.55,0.00,0.88,
4.857,85.01995154763547,97.99368467090609,-3.24,1.15,0.72,0,2,0,11,0,5,1,2.55,0.00,0.49,
4.881,85.04699515476355,97.9813684670906,-3.41,0.02,0.95,0,2,0,11,0,5,1,2.45,0.00,0.29,
4.905,85.02269951547635,98.01613684670906,-3.3,0.21,0.81,0,2,0,11,0,5,1,2.45,0.00,0.39,
4.929,85.00226995154763,98.01061368467091,-3.14,0.33,0.59,0,2,0,11,0,5,1,2.45,0.00,0.00,
4.954,85.02722699515476,98.01006136846709,-3.19,1.0,1.17,0,2,0,11,0,5,1,2.45,0.00,0.20,
4.977,84.93972269951549,98.01900613684671,-3.24,1.6,0.79,0,2,0,11,0,5,1,2.45,0.00,0.49,
5.002,84.93097226995155,97.92990061368467,-3.32,0.46,1.28,0,2,0,11,0,5,1,2.45,0.00,0.69,
5.025,84.93909722699516,97.93899006136846,-2.98,1.51,0.99,0,2,0,11,0,5,1,2.45,0.00,0.49,
5.05,84.88590972269951,97.92189900613684,-3.19,0.76,0.82,0,2,0,11,0,5,1,2.35,0.00,0.29,
5.073,84.90759097226994,97.90218990061369,-3.33,0.92,0.77,0,2,0,11,0,5,1,2.26,0.00,0.10,
5.098,84.936759097227,97.85521899006136,-2.98,1.24,1.5,0,2,0,11,0,5,1,2.26,0.00,0.39,
5.122,84.8226759097227,97.83252189900614,-2.76,0.39,1.35,0,2,0,11,0,5,1,2.26,0.00,0.59,
5.146,84.84726759097227,97.88425218990061,-3.19,-0.07,0.78,0,2,0,11,0,5,2,2.26,0.00,0.98,
5.17,84.91272675909723,97.95242521899006,-3.43,1.28,0.9,0,2,0,11,0,6,2,2.26,0.00,0.78,
5.194,84.89227267590972,97.959242521899,-3.15,0.98,0.64,0,2,0,12,0,6,2,2.26,0.00,0.39,
5.218,84.86322726759097,98.0139242521899,-3.46,0.0,0.81,0,2,0,11,0,6,2,2.06,0.00,0.59,
5.241,84.8783227267591,97.983392425219,-4.95,-0.68,0.23,0,2,0,11,0,6,2,2.16,0.00,0.69,
5.266,84.8258322726759,98.06133924252188,-5.39,-2.52,-1.68,0,2,0,11,0,6,3,1.96,0.00,1.28,
5.291,84.67658322726759,98.0781339242522,-7.89,-4.73,-4.4,0,2,0,12,0,7,3,1.96,0.00,1.18,
5.314,84.42765832272677,98.08881339242522,-8.64,-2.85,-4.56,0,2,0,12,0,7,4,1.96,0.00,0.98,
5.339,84.29476583227267,98.13488133924253,-7.33,-3.69,-5.78,0,2,0,12,0,8,4,2.16,0.00,1.18,
5.363,84.10147658322727,98.07648813392424,-7.28,-4.88,-5.35,0,2,0,12,0,8,5,2.06,0.00,0.98,
5.388,83.66814765832274,97.66564881339242,-5.31,-2.72,-5.89,0,2,0,12,0,9,5,2.16,0.00,0.49,
5.411,83.84081476583228,97.48056488133923,-3.13,-0.54,-6.47,0,2,0,12,0,9,6,2.26,0.00,0.00,
5.436,84.01108147658323,97.32705648813393,-2.35,0.9,-5.86,0,2,0,12,0,9,6,2.26,0.00,0.00,
5.46,84.25310814765832,97.32070564881339,-2.4,-3.09,-0.76,0,1,0,12,0,10,6,2.16,0.00,0.00,
5.484,84.55631081476584,97.46407056488134,-1.62,1.52,-1.12,0,2,0,12,0,10,6,2.16,0.00,0.00,
5.509,84.84763108147658,97.35240705648815,-1.28,-0.72,4.53,0,2,0,12,0,10,6,1.86,0.00,0.00,
5.533,84.65176310814766,97.26024070564881,1.05,4.59,4.12,0,2,0,12,0,10,6,1.77,0.00,0.00,
5.558,84.57817631081477,97.26002407056488,2.25,1.89,4.5,0,2,0,12,0,9,6,1.57,0.00,0.00,
5.581,84.57981763108148,97.35000240705648,2.24,7.08,4.6,0,2,0,12,0,8,5,1.37,0.00,0.10,
5.606,84.42698176310815,97.57500024070565,1.89,6.52,1.91,0,2,0,12,0,7,4,1.47,0.00,0.10,
5.629,84.52869817631083,97.76850002407058,1.47,6.33,2.24,0,2,0,12,0,7,4,1.57,0.00,0.39,
5.654,84.52086981763108,98.01285000240706,-0.62,5.95,1.21,0,2,0,12,0,6,3,1.67,0.00,0.69,
5.678,84.51108698176311,98.0192850002407,-2.24,5.49,-0.47,0,2,0,11,0,5,2,1.77,0.00,0.59,
5.702,84.67210869817632,98.15492850002408,-1.13,5.08,0.91,0,2,0,11,0,4,2,2.06,0.00,0.00,
5.726,84.64321086981764,98.2404928500024,-1.99,1.27,1.26,0,2,0,11,0,4,1,2.16,0.00,0.20,
5.75,84.71232108698177,98.33904928500024,-0.5,1.7,2.02,0,2,0,11,0,3,1,2.45,0.00,0.69,
5.774,84.83623210869817,98.32190492850002,-1.95,0.66,1.69,0,2,0,11,0,3,1,2.55,0.00,0.69,
5.798,84.84862321086982,98.33819049285,-1.43,-0.21,2.32,0,2,0,11,0,3,1,2.55,0.00,0.00,
5.822,84.82286232108697,98.420819049285,-1.66,0.59,1.89,0,2,0,11,0,3,1,2.45,0.00,0.49,
5.847,84.7572862321087,98.4110819049285,-2.49,0.82,1.5,0,2,0,11,0,3,1,2.35,0.00,0.59,
5.87,84.73272862321087,98.38310819049285,-3.1,0.73,1.15,0,2,0,11,0,3,1,2.45,0.00,0.78,
5.895,84.90127286232108,98.39831081904929,-2.94,2.95,2.02,0,2,0,11,0,3,1,2.45,0.00,0.49,
5.918,84.92712728623212,98.37283108190493,-2.78,1.75,2.2,0,2,0,11,0,3,1,2.45,0.00,0.49,
5.943,84.90271272862321,98.37028310819049,-2.75,2.49,2.15,0,2,0,11,0,3,1,2.45,0.00,0.39,
5.966,84.92727127286233,98.38802831081905,-3.11,1.68,1.75,0,2,0,11,0,3,1,2.45,0.00,0.49,
5.991,85.01972712728623,98.39880283108191,-2.88,2.4,1.4,0,2,0,11,0,3,1,2.45,0.00,0.88,
6.014,85.04697271272862,98.42688028310819,-3.15,2.21,1.67,0,2,0,11,0,3,1,2.45,0.00,0.29,
6.039,85.13969727127287,98.45668802831081,-2.81,2.29,1.94,0,2,0,11,0,3,1,2.55,0.00,0.49,
6.063,85.2119697271273,98.44166880283109,-3.18,2.15,2.23,0,2,0,11,0,3,1,2.45,0.00,0.49,
6.086,85.14719697271273,98.4581668802831,-3.5,1.82,1.03,0,2,0,11,0,3,1,2.55,0.00,0.29,
6.111,85.11371969727128,98.43281668802831,-3.73,0.58,0.89,0,2,0,11,0,3,1,2.55,0.00,0.10,
6.134,85.16437196972713,98.40328166880283,-3.4,1.86,1.49,0,2,0,11,0,3,1,2.55,0.00,0.10,
6.159,85.19643719697272,98.37332816688028,-3.2,0.76,1.65,0,2,0,11,0,3,1,2.55,0.00,0.20,
6.182,85.22664371969728,98.30733281668802,-3.35,0.15,1.4,0,2,0,11,0,3,1,2.55,0.00,0.59,
6.207,85.22066437196973,98.29173328166881,-3.49,1.08,1.24,0,2,0,11,0,3,1,2.55,0.00,0.59,
6.231,85.23806643719696,98.31717332816687,-3.28,0.76,1.12,0,2,0,11,0,3,1,2.45,0.00,0.49,
6.255,85.2038066437197,98.33771733281668,-3.29,0.07,1.11,0,2,0,11,0,3,1,2.55,0.00,0.29,
6.279,85.25438066437198,98.31277173328166,-3.31,1.06,1.64,0,2,0,11,0,3,1,2.45,0.00,0.29,
6.303,85.2324380664372,98.33727717332816,-3.33,0.53,1.26,0,2,0,11,0,3,1,2.45,0.00,0.69,
6.327,85.25724380664373,98.3397277173328,-3.25,1.05,0.92,0,2,0,11,0,3,1,2.35,0.00,0.78,
6.35,85.29572438066437,98.33997277173327,-3.44,0.92,0.56,0,2,0,11,0,3,1,2.45,0.00,0.88,
6.375,85.22757243806645,98.36699727717333,-3.7,0.32,0.57,0,2,0,11,0,3,1,2.55,0.00,0.59,
6.398,85.24775724380665,98.41469972771733,-3.03,4.34,1.79,0,2,0,11,0,3,1,2.55,0.00,0.29,
6.423,86.18577572438066,98.46446997277174,4.05,11.02,2.47,0,2,0,11,0,4,1,2.65,0.00,0.29,
6.447,84.74957757243807,98.72144699727717,-4.66,-9.85,1.43,0,2,0,11,0,4,1,2.65,0.00,0.10,
6.471,85.5419577572438,98.67514469972771,-5.45,0.36,-2.63,0,2,0,11,0,3,1,2.75,0.00,0.49,
6.495,85.81919577572438,98.76051446997278,-5.39,5.02,3.32,0,2,0,11,0,4,1,2.55,0.00,1.28,
6.519,85.57691957757244,98.59805144699727,-0.27,4.47,1.27,0,2,0,11,0,4,1,2.55,0.00,0.98,
6.543,85.97569195775723,98.86080514469973,-2.38,-0.23,1.8,0,2,0,11,0,4,1,2.55,0.00,0.10,
6.567,85.63756919577571,98.78808051446997,-5.75,-3.53,4.13,0,2,0,11,0,4,1,2.55,0.00,0.39,
6.591,85.40575691957757,98.564808051447,-4.05,1.24,0.98,0,2,0,11,0,4,1,2.55,0.00,0.69,
6.616,85.42757569195777,98.56948080514469,-2.86,0.77,1.39,0,2,0,11,0,4,1,2.45,0.00,0.98,
6.639,85.45675756919577,98.55194808051446,-2.71,2.28,2.77,0,2,0,11,0,4,1,2.45,0.00,0.69,
6.664,85.32467575691959,98.48719480805144,-2.96,1.78,2.21,0,2,0,11,0,4,1,2.55,0.00,0.49,
6.687,85.36546757569197,98.52571948080515,-2.87,2.28,1.6,0,2,0,11,0,3,1,2.55,0.00,0.20,
6.712,85.4955467575692,98.52957194808052,-3.49,0.0,1.56,0,2,0,11,0,3,1,2.45,0.00,0.00,
6.735,85.51755467575693,98.46695719480803,-3.45,-0.08,1.6,0,2,0,11,0,3,1,2.45,0.00,0.10,
6.76,85.39375546757569,98.46969571948081,-3.55,-0.82,1.18,0,2,0,11,0,3,1,2.45,0.00,0.29,
6.784,85.28237554675756,98.47896957194808,-4.06,-1.37,0.98,0,2,0,11,0,3,1,2.55,0.00,0.49,
6.808,85.11823755467576,98.45289695719481,-3.18,-1.88,3.08,0,2,0,11,0,3,1,2.35,0.00,0.59,
6.832,85.11982375546758,98.42328969571949,-1.79,1.92,6.08,0,2,0,11,0,3,1,2.35,0.00,0.39,
6.856,85.29098237554676,98.40232896957195,-0.77,-2.34,3.63,0,2,0,11,0,3,1,2.06,0.00,0.59,
6.88,85.36209823755469,98.38223289695719,-0.73,-2.06,3.37,0,2,0,11,0,3,1,1.96,0.00,0.88,
6.903,85.16220982375548,98.47022328969572,-0.79,-1.31,4.4,0,2,0,11,0,2,1,1.77,0.00,0.98,
6.928,85.07022098237555,98.43402232896958,-1.47,0.64,3.55,0,1,0,10,0,2,0,1.57,0.00,1.08,
6.951,85.15102209823756,98.43040223289697,-1.64,1.66,2.69,0,1,0,10,0,2,0,1.28,0.00,1.08,
6.976,85.15910220982376,98.4030402232897,-1.37,1.36,0.06,0,1,0,10,0,2,0,1.18,0.00,0.88,
7.0,85.25891022098237,98.58930402232896,3.41,0.61,2.92,0,1,0,10,0,2,0,1.08,0.00,0.69,
7.023,85.09789102209824,98.7249304022329,-0.98,-0.27,4.93,0,1,0,10,0,2,0,0.88,0.00,1.18,
7.048,85.33378910220982,98.70249304022329,-3.25,-3.57,4.72,0,1,0,10,0,1,0,0.88,0.00,1.57,
7.071,85.44737891022098,98.73624930402232,-0.98,0.34,3.08,0,1,0,10,0,2,0,0.78,0.00,1.28,
7.095,85.28773789102209,98.76662493040223,-1.88,-2.32,3.16,0,1,0,10,0,1,0,0.88,0.00,0.78,
7.119,85.19077378910221,98.83266249304023,-1.5,1.4,4.18,0,1,0,10,0,2,0,0.88,0.00,0.49,
7.143,85.11807737891023,98.89326624930402,0.03,2.52,3.73,0,1,0,10,0,2,0,0.78,0.00,0.39,
7.166,85.15580773789102,99.0793266249304,1.29,3.86,7.61,0,1,0,10,0,2,0,0.69,0.00,0.69,
7.191,85.29458077378911,99.35893266249305,5.21,6.0,11.38,0,1,0,10,0,1,0,0.39,0.00,0.59,
7.215,85.47945807737891,99.32389326624929,6.28,-0.21,23.66,0,1,0,10,0,1,0,0.29,0.00,0.00,
7.238,85.47094580773789,99.67138932662492,1.12,8.49,23.57,0,1,0,10,0,1,0,0.00,0.00,0.00,
7.263,86.27109458077379,100.5161389326625,-6.82,-8.92,12.84,0,1,0,10,0,2,0,0.00,0.00,0.00,
7.286,85.47810945807737,100.28561389326626,-5.87,-4.54,8.91,0,2,0,10,0,2,0,0.10,0.00,3.14,
7.311,85.01181094580774,100.46956138932663,-5.97,-9.32,11.02,0,2,0,8,0,3,1,0.69,0.00,8.53,
7.335,85.22618109458078,99.98395613893267,-10.9,-2.3,9.87,0,2,0,8,0,3,1,1.37,0.00,3.73,
7.359,85.16661810945808,99.69239561389327,-9.18,-9.08,1.64,1,3,0,9,0,3,2,2.16,0.00,0.69,
7.384,85.0346618109458,99.47423956138934,-6.45,-1.48,2.31,2,3,0,10,0,4,2,2.94,0.00,0.98,
7.408,84.93146618109458,99.38942395613893,-8.74,-2.97,-1.56,2,3,0,10,0,3,1,3.34,0.00,0.98,
7.432,84.87614661810946,99.2099423956139,-10.5,-2.11,-5.48,3,3,0,11,0,3,1,3.63,0.00,0.00,
7.456,85.01461466181095,98.9579942395614,-9.77,-1.68,-4.25,3,3,0,11,0,3,1,4.02,0.00,0.00,
7.481,84.9474614661811,99.06779942395613,-6.57,-3.46,-5.19,3,3,0,11,0,3,1,4.61,0.00,0.00,
7.504,84.79674614661812,99.04277994239563,-2.17,-6.7,-5.69,3,3,0,11,0,2,1,4.71,0.00,0.00,
7.529,84.8536746146618,99.01327799423957,-1.25,-5.53,-5.05,3,3,0,11,0,2,1,4.51,0.00,0.00,
7.554,84.81436746146619,99.09132779942395,-1.07,-0.4,-4.81,4,3,0,11,0,2,0,4.32,0.00,0.00,
7.577,84.7204367461466,99.1621327799424,-1.3,-1.92,-4.19,4,3,0,11,0,2,0,4.22,0.00,0.00,
7.602,84.58504367461465,99.16021327799425,-2.01,-2.98,-1.37,4,3,0,11,0,2,0,4.02,0.00,0.10,
7.626,84.46350436746147,99.18702132779943,-2.21,-2.69,0.27,3,3,0,11,0,2,0,4.02,0.00,0.49,
7.65,84.37035043674615,99.21670213277994,-2.92,0.1,1.2,3,3,0,11,0,2,0,3.92,0.00,0.78,
7.674,84.43303504367461,99.219670213278,-2.98,0.36,1.4,3,2,0,11,0,2,0,4.02,0.00,0.69,
7.698,84.36730350436747,99.1749670213278,-4.22,0.84,1.03,3,3,0,11,0,2,0,4.02,0.00,0.00,
7.721,84.25273035043675,99.13449670213278,-4.25,-1.21,-0.13,3,3,0,11,0,2,0,4.22,0.00,0.00,
7.746,84.27727303504368,99.07644967021326,-3.92,-1.14,-0.72,3,3,0,11,0,2,0,4.32,0.00,0.00,
7.771,84.11772730350437,99.06164496702134,-3.78,-1.2,0.28,3,2,0,11,0,2,0,4.32,0.00,0.20,
7.794,84.06577273035045,99.17716449670213,-3.76,-3.17,-1.37,3,2,0,11,0,2,0,4.41,0.00,0.59,
7.819,83.92557727303505,99.24271644967021,-4.91,-3.9,-2.08,3,3,0,11,0,2,0,4.41,0.00,0.20,
7.843,83.7585577273035,99.21327164496702,-5.12,-1.56,-4.06,3,3,0,11,0,2,0,4.61,0.00,0.00,
7.867,83.86785577273035,98.94032716449671,-8.1,-0.53,-4.69,4,3,0,11,0,3,1,4.71,0.00,0.20,
7.891,83.72578557727303,99.03003271644968,-7.78,3.38,-8.07,4,3,0,11,0,3,1,5.10,0.00,0.00,
7.916,83.59457855772729,99.17400327164496,-7.35,4.27,-9.2,5,3,0,11,0,3,1,5.49,0.00,0.00,
7.941,83.59945785577273,99.1074003271645,-10.28,1.8,-5.41,5,3,0,11,0,4,1,6.18,0.00,0.00,
7.965,83.58194578557726,98.86674003271645,-8.2,1.31,-4.07,6,3,0,11,0,4,2,7.36,0.00,0.20,
7.989,83.41819457855773,98.45567400327164,-4.24,0.83,-9.26,6,4,0,11,0,5,2,7.95,0.00,0.00,
8.013,83.41081945785578,98.45956740032716,-5.92,1.3,-4.87,7,4,0,12,0,5,2,8.63,0.00,0.00,
8.038,83.38308194578558,98.34295674003272,-5.18,-1.02,-3.41,7,4,0,12,1,5,2,9.12,0.00,0.00,
8.062,83.31730819457856,98.27729567400327,-5.85,5.12,-0.73,7,4,0,12,1,5,2,9.52,0.00,0.00,
8.087,83.28373081945786,97.98272956740033,-5.54,3.85,-3.82,8,4,0,0,1,6,3,10.10,0.00,0.00,
8.111,83.30737308194578,98.27727295674003,-4.16,4.51,-1.01,8,4,0,1,1,6,3,10.99,0.00,0.10,
8.135,83.47173730819456,98.18072729567402,-6.84,1.91,-1.08,9,5,0,3,1,6,4,11.58,0.00,0.00,
8.16,83.41617373081945,98.07207272956741,-6.42,1.95,0.63,9,5,0,5,1,7,4,12.36,1.47,0.00,
8.184,83.53661737308194,98.02520727295675,-6.4,3.02,1.53,9,5,0,6,1,7,5,12.95,2.06,0.00,
8.208,83.57566173730818,97.95752072729567,-6.92,2.61,2.26,10,5,1,7,1,7,5,13.64,2.55,0.00,
8.232,83.54356617373082,97.76175207272956,-5.44,-0.51,0.18,10,6,1,8,1,8,5,14.03,3.14,0.00,
8.257,83.52235661737308,97.64317520727296,-5.18,0.28,-0.02,10,6,1,10,1,8,5,14.62,3.63,0.00,
8.282,83.40323566173731,97.53231752072729,-3.8,3.1,1.02,10,6,1,10,1,8,5,14.72,3.83,0.00,
8.306,83.48132356617373,97.44923175207272,-3.31,2.72,2.37,11,6,1,10,1,8,6,14.52,3.92,0.00,
8.331,83.48013235661737,97.45892317520727,-3.02,2.02,2.41,10,5,1,10,1,8,6,14.52,3.92,0.00,
8.354,83.57901323566175,97.49589231752073,-2.61,1.5,2.14,10,5,1,11,1,7,5,14.32,3.83,0.00,
8.379,83.52590132356616,97.49058923175207,-2.38,2.61,2.29,11,5,1,11,1,7,6,14.22,3.73,0.00,
8.403,83.61059013235662,97.52605892317521,-2.59,2.0,2.5,11,5,1,11,1,7,6,14.13,3.92,0.00,
8.428,83.61005901323566,97.57460589231752,-3.08,3.91,1.78,11,5,1,11,1,7,6,14.13,4.12,0.49,
8.453,83.67300590132358,97.65146058923176,-3.2,3.05,1.71,11,5,1,11,1,7,6,14.32,4.32,0.78,
8.477,83.68830059013236,97.62314605892318,-4.69,4.19,2.57,11,5,1,12,1,7,6,14.62,4.71,0.49,
8.502,83.81583005901324,97.49431460589231,-4.1,2.45,1.8,11,5,1,11,1,7,6,15.01,5.30,0.00,
8.526,83.85558300590132,97.45443146058923,-3.73,2.62,0.78,11,6,1,12,1,7,6,15.30,5.69,0.00,
8.55,84.06655830059015,97.49544314605892,-4.88,0.3,2.86,11,6,1,12,1,7,6,15.60,5.98,0.10,
8.574,84.20465583005901,97.55354431460589,-4.39,5.54,0.88,11,6,1,12,1,7,7,15.79,6.28,0.00,
8.599,84.14646558300589,97.55935443146059,-4.53,0.97,1.44,11,6,1,13,1,8,7,15.99,6.97,0.00,
8.624,84.14064655830059,97.51493544314606,-4.76,1.0,1.81,11,6,1,13,1,8,7,16.19,7.16,0.00,
8.648,84.13106465583006,97.4294935443146,-4.25,1.87,1.95,12,6,1,13,1,8,7,16.48,7.36,0.59,
8.673,84.112106465583,97.33094935443145,-4.33,1.39,1.88,12,6,1,14,1,8,7,16.78,7.46,0.10,
8.697,84.14621064655832,97.28509493544315,-4.25,1.5,1.3,12,6,1,14,1,8,7,16.78,7.55,0.00,
8.721,84.22162106465584,97.28050949354432,-4.43,1.56,1.42,12,6,1,14,1,8,7,16.97,7.55,0.00,
8.745,84.22916210646558,97.28005094935443,-4.13,1.24,1.06,12,6,1,14,1,8,7,16.97,7.75,0.00,
8.77,84.27491621064657,97.24400509493543,-4.02,1.45,0.77,12,6,1,14,1,8,7,17.27,7.95,0.39,
8.795,84.30649162106467,97.20440050949355,-4.23,1.15,0.92,0,6,1,14,1,8,7,17.36,8.04,0.49,
8.819,84.29164916210647,97.17344005094935,-4.53,0.38,1.19,0,6,1,15,1,8,7,17.46,8.04,0.10,
8.844,84.29016491621064,97.16134400509493,-4.02,1.34,1.43,0,6,1,15,1,8,7,17.66,8.04,0.00,
8.867,84.29001649162106,97.16913440050949,-4.02,0.75,1.47,0,6,1,15,1,9,8,17.76,8.14,0.00,
8.892,84.35300164916211,97.21491344005095,-4.21,0.98,1.82,1,6,1,15,1,9,8,17.95,8.34,0.49,
8.916,84.33230016491622,97.19249134400509,-4.35,-0.3,1.75,1,7,2,16,1,9,8,18.05,8.44,0.69,
8.941,84.30323001649163,97.2352491344005,-4.08,0.14,1.41,1,6,2,16,1,9,8,18.25,8.53,0.10,
8.966,84.30932300164916,97.17652491344005,-4.28,0.44,1.3,1,6,2,16,1,9,8,18.44,8.73,0.39,
8.989,84.23793230016491,97.143652491344,-4.6,0.11,1.57,2,6,2,16,1,9,8,18.84,8.93,0.39,
9.014,84.21279323001649,97.0773652491344,-4.87,-0.31,1.14,2,7,2,17,1,9,8,19.03,9.22,0.00,
9.038,84.25527932300164,97.05273652491344,-4.69,0.82,1.26,2,7,2,17,1,9,8,19.42,9.61,0.00,
9.063,84.27752793230016,97.02327365249134,-4.82,-0.43,1.31,2,7,2,18,1,9,8,19.82,9.91,0.00,
9.088,84.24375279323002,96.93032736524914,-4.54,0.59,1.15,2,7,2,18,2,10,9,20.11,10.10,0.49,
9.112,84.222375279323,96.89403273652492,-4.21,0.92,0.76,2,7,2,18,2,10,9,20.60,10.10,0.78,
9.137,84.2472375279323,96.8994032736525,-3.78,1.06,0.97,2,7,2,18,2,10,9,20.60,10.30,0.69,
9.16,84.24972375279323,96.89094032736526,-4.19,1.34,1.25,2,7,2,18,2,10,9,20.60,10.30,0.29,
9.185,84.22297237527933,96.87209403273653,-3.91,0.66,0.64,2,7,2,18,2,10,9,20.70,10.40,0.00,
9.209,84.26529723752793,96.86120940327366,-3.73,0.81,0.37,3,7,2,18,2,10,9,20.80,10.40,0.29,
9.234,84.2425297237528,96.86912094032738,-3.65,0.89,1.21,3,7,2,18,2,10,9,20.80,10.40,0.78,
9.259,84.21325297237527,96.89691209403274,-3.27,0.84,0.76,3,7,2,18,2,10,9,20.70,10.40,0.10,
9.283,84.27332529723753,96.89069120940329,-3.4,0.56,0.95,3,7,2,19,2,10,9,20.70,10.40,0.49,
9.308,84.27933252972376,96.84506912094034,-3.14,1.66,0.82,3,7,2,19,2,10,9,20.70,10.30,0.59,
9.332,84.24393325297238,96.85850691209404,-2.89,0.47,0.91,3,7,2,19,2,10,9,20.60,10.20,0.39,
9.357,84.28539332529724,96.8058506912094,-2.76,0.56,0.86,3,7,2,19,2,10,9,20.40,10.01,0.10,
9.381,84.24453933252973,96.78258506912094,-2.62,1.49,0.82,3,7,2,19,2,10,9,20.11,10.01,0.10,
9.406,84.21345393325298,96.78025850691209,-2.47,1.04,0.85,3,7,2,19,2,10,9,19.91,9.81,0.39,
9.431,84.2373453933253,96.8160258506912,-2.69,1.15,0.78,3,7,2,18,2,10,9,19.62,9.61,0.88,
9.455,84.23973453933253,96.83760258506912,-2.53,0.83,0.83,3,7,2,18,2,10,9,19.42,9.42,0.69,
9.48,84.31197345393325,97.0017602585069,-2.76,-0.47,0.63,3,6,2,18,2,10,9,19.13,9.22,0.39,
9.504,84.32819734539333,97.01817602585069,-2.48,1.97,1.12,3,6,2,18,2,10,9,18.93,9.03,0.10,
9.528,84.32081973453933,96.99281760258506,-2.44,1.16,0.8,3,6,2,18,2,10,9,18.74,9.03,0.10,
9.552,84.34708197345392,97.03528176025851,-2.91,0.38,0.84,3,6,2,18,1,10,9,18.54,8.83,0.49,
9.577,84.34970819734538,97.03052817602585,-2.98,1.47,1.02,3,6,2,18,1,10,9,18.34,8.73,0.78,
9.602,84.31397081973454,97.02105281760258,-3.05,0.83,0.58,3,6,2,18,1,10,9,18.25,8.83,0.00,
9.626,84.28339708197346,96.96610528176025,-2.73,2.07,0.73,3,6,2,18,1,10,9,18.34,8.63,0.49,
9.651,84.26233970819735,96.96961052817602,-2.53,0.5,0.73,3,6,2,18,1,10,9,18.05,8.44,0.39,
9.675,84.19723397081974,96.9879610528176,-2.77,1.24,0.69,3,6,2,18,1,10,9,17.85,8.34,0.10,
9.699,84.19072339708197,97.07079610528176,-3.79,0.5,0.65,3,6,2,18,1,10,9,17.66,8.14,0.00,
9.723,84.2440723397082,97.08807961052817,-2.87,1.58,0.48,3,6,2,18,1,10,9,17.56,8.14,0.20,
9.748,84.19540723397083,97.10780796105281,-2.85,0.87,0.69,3,6,2,17,1,9,9,17.46,8.04,0.49,
9.773,84.23554072339708,97.14578079610529,-2.98,0.73,1.02,3,6,2,18,1,9,9,17.46,8.04,0.88,
9.797,84.25755407233972,97.14957807961054,-2.95,0.96,1.08,3,6,2,18,1,9,9,17.36,7.75,0.59,
9.822,84.23275540723397,97.07795780796106,-3.06,0.75,0.95,3,6,2,18,1,9,9,17.27,7.75,0.20,
9.845,84.2842755407234,97.0887957807961,-3.05,0.33,0.78,3,6,2,18,1,9,9,17.27,7.65,0.20,
9.87,84.26242755407235,97.04487957807962,-3.05,0.88,0.56,3,6,2,17,1,9,9,17.17,7.65,0.39,
9.894,84.30524275540724,97.03148795780795,-3.25,0.37,0.63,3,6,2,17,1,9,9,16.97,7.55,0.78,
9.919,84.26452427554072,96.99414879578079,-3.02,0.76,0.92,3,6,2,17,1,9,9,16.97,7.36,0.88,
9.943,84.34145242755406,96.97241487957807,-3.18,0.48,1.02,3,6,2,17,1,9,9,16.87,7.26,0.49,
9.967,84.4031452427554,96.9702414879578,-3.42,-1.05,2.48,3,6,2,18,1,9,9,16.87,7.36,0.59,
9.992,84.33731452427554,96.85302414879578,-3.28,-1.15,0.79,3,6,2,17,1,9,9,16.68,7.16,0.49,
10.016,84.37573145242754,96.89530241487958,-3.01,1.21,0.79,3,6,2,17,1,10,9,16.58,7.16,0.00,
10.041,84.35257314524274,96.88153024148795,-3.31,0.53,0.76,3,6,2,17,1,9,9,16.48,7.16,0.20,
10.065,84.27825731452428,96.8981530241488,-2.98,0.65,0.73,3,6,2,17,1,9,9,16.48,6.97,0.29,
10.09,84.26182573145243,96.9448153024149,-3.1,0.08,0.63,3,6,2,17,1,9,9,16.38,6.77,0.59,
10.115,84.25118257314524,96.98548153024149,-3.21,0.57,0.78,3,6,2,17,1,9,9,16.28,6.77,0.78,
10.138,84.25011825731453,96.96254815302414,-3.03,0.76,0.63,3,6,2,17,1,9,9,16.38,6.67,0.29,
10.163,84.25901182573145,96.9692548153024,-2.95,0.74,0.73,3,6,2,17,1,9,9,16.28,6.57,0.10,
10.187,84.27790118257315,96.93392548153025,-3.01,1.08,0.79,3,6,2,17,1,9,9,16.38,6.57,0.20,
10.212,84.27979011825732,96.99339254815303,-3.17,1.08,0.88,3,6,2,17,1,10,9,16.28,6.57,0.59,
10.236,84.20797901182573,96.98133925481531,-2.94,0.75,0.92,3,6,2,17,1,9,9,16.19,6.57,0.88,
10.261,84.21879790118257,97.01613392548153,-3.0,1.12,1.24,3,6,2,17,1,9,9,16.19,6.67,0.69,
10.286,84.23787979011826,97.01061339254817,-2.89,1.28,1.24,3,6,2,17,1,9,9,16.09,6.67,0.39,
10.31,84.20378797901182,96.9920613392548,-2.73,1.43,1.01,3,6,2,17,1,9,9,16.09,6.77,0.59,
10.334,84.20037879790118,96.99020613392548,-2.73,1.06,1.02,3,6,2,17,1,9,9,16.19,6.87,0.20,
10.358,84.19103787979012,97.00802061339256,-2.7,1.13,0.76,3,6,2,17,1,9,9,16.19,6.87,0.00,
10.383,84.18110378797903,97.03680206133927,-2.69,1.48,0.99,3,6,2,17,1,9,9,16.09,6.77,0.10,
10.407,84.1891103787979,97.04868020613392,-2.66,1.56,0.79,3,6,2,17,1,9,9,15.99,6.77,0.59,
10.432,84.2169110378798,97.05886802061339,-2.75,1.53,0.67,3,6,2,17,1,9,9,15.99,6.87,0.78,
10.457,84.20169110378798,97.01488680206134,-2.75,1.49,0.74,3,6,2,17,1,9,9,15.99,6.77,0.59,
10.481,84.1911691103788,97.07348868020614,-2.76,1.17,1.12,3,6,2,17,1,9,8,15.79,6.67,0.29,
10.506,84.22611691103788,97.10634886802062,-2.79,1.21,0.92,3,6,2,17,1,9,8,15.89,6.67,0.29,
10.529,84.22061169110378,97.08263488680205,-2.7,1.09,0.78,3,6,2,17,1,9,8,15.70,6.57,0.59,
10.554,84.27406116911038,97.0982634886802,-3.12,0.97,0.6,3,6,2,17,1,9,8,15.60,6.57,0.98,
10.578,84.32440611691104,97.09082634886802,-3.22,1.47,0.5,3,6,2,17,1,9,8,15.60,6.47,0.78,
10.603,84.36544061169111,97.0810826348868,-2.89,1.34,0.78,3,6,2,17,1,9,8,15.60,6.47,0.39,
10.628,84.28854406116912,97.07110826348868,-2.96,1.61,0.65,3,6,2,17,1,9,8,15.50,6.38,0.78,
10.652,84.30785440611692,97.10611082634887,-3.08,1.06,0.72,3,6,2,17,1,9,8,15.50,6.57,0.49,
10.677,84.30078544061169,97.10061108263488,-3.18,0.71,0.68,3,6,2,17,1,9,8,15.40,6.47,0.00,
10.7,84.30907854406118,97.13606110826349,-2.94,1.22,0.73,3,6,2,17,1,9,8,15.40,6.47,0.00,
10.725,84.30090785440612,97.13060611082635,-2.78,0.98,0.87,3,6,2,17,1,9,8,15.30,6.38,0.10,
10.749,84.28209078544062,97.15706061108264,-2.93,0.95,1.08,3,6,2,17,1,9,8,15.40,6.28,0.69,
10.774,84.32520907854406,97.17770606110827,-2.97,1.14,1.02,3,6,2,17,1,9,8,15.21,6.28,0.78,
10.799,84.31152090785442,97.20677060611081,-2.95,0.45,0.75,3,6,2,17,1,9,8,15.21,6.18,0.29,
10.823,84.31015209078545,97.17367706061108,-2.85,0.82,1.21,3,6,2,17,1,9,8,15.11,6.18,0.00,
10.848,84.35501520907854,97.19736770606112,-3.11,0.83,1.01,3,6,2,17,1,9,8,15.01,6.18,0.10,
10.872,84.35050152090784,97.21773677060611,-3.03,1.28,1.05,3,6,2,17,1,9,8,15.01,6.08,0.59,
10.896,84.38605015209079,97.24677367706062,-3.11,1.5,0.76,3,6,2,17,1,9,8,15.01,6.08,0.78,
10.92,84.39860501520909,97.23167736770607,-2.91,1.03,0.66,3,6,2,17,1,9,8,15.11,5.98,0.59,
10.945,84.42686050152092,97.2391677367706,-3.15,0.82,0.89,4,6,2,17,1,9,8,15.11,6.08,0.20,
10.97,84.46568605015209,97.26691677367705,-2.98,1.05,1.07,3,6,2,17,1,9,8,15.01,6.18,0.49,
10.994,84.4425686050152,97.2966916773677,-3.0,1.24,0.88,4,6,2,17,1,9,8,14.81,6.18,0.10,
11.019,84.42225686050153,97.31766916773677,-2.74,1.52,0.57,3,6,2,17,1,9,8,14.91,6.08,0.00,
11.043,84.32122568605016,97.35576691677367,-1.96,1.13,1.44,3,6,2,17,1,9,8,14.81,6.08,0.10,
11.068,84.29312256860501,97.43157669167736,-1.05,1.67,4.46,3,6,2,17,1,9,8,14.72,6.18,0.39,
11.091,84.2363122568605,96.80015766916773,-0.24,-3.68,7.18,2,6,1,16,1,8,7,14.03,6.87,0.69,
11.116,84.38363122568606,96.57501576691676,4.41,1.02,9.45,0,5,1,14,1,7,7,12.85,7.16,0.59,
11.141,84.2723631225686,96.63350157669167,5.57,-2.69,11.29,10,5,1,12,1,6,5,10.99,7.16,0.29,
11.165,84.14423631225685,97.06235015766916,6.35,1.31,5.58,9,4,0,10,1,5,4,9.12,7.16,0.20,
11.19,84.3474236312257,97.11423501576692,5.64,2.4,2.65,8,4,0,9,1,5,4,7.95,7.55,0.20,
11.213,84.39474236312257,97.47042350157669,5.4,3.05,3.47,8,4,0,8,1,4,3,7.36,8.63,0.78,
11.238,84.57047423631225,97.92004235015767,3.48,-0.4,3.35,7,4,0,7,1,4,3,6.97,9.42,1.18,
11.262,84.45304742363122,98.21700423501576,2.2,-0.92,3.79,7,4,0,7,1,4,2,6.87,10.40,0.69,
11.287,84.42330474236313,98.52570042350158,0.09,-4.21,3.7,6,3,0,5,1,3,2,6.77,10.79,0.00,
11.311,84.3573304742363,98.73657004235015,-2.74,-6.39,2.49,5,3,0,5,1,3,2,6.77,11.09,0.00,
11.335,84.46773304742364,98.89265700423502,-6.24,-7.79,2.29,5,3,0,5,1,3,2,6.87,11.67,0.00,
11.36,84.34377330474237,98.9442657004235,-8.72,-12.58,0.16,6,4,0,6,1,4,3,7.16,12.65,0.29,
11.384,84.16937733047425,98.85942657004236,-13.89,-14.56,0.45,6,4,0,8,1,5,4,7.85,14.03,0.20,
11.409,83.55793773304741,98.43694265700424,-19.86,-36.8,1.79,4,3,0,6,1,5,5,8.53,15.01,0.00,
11.433,82.95679377330474,99.11469426570042,-33.41,-29.65,-4.34,0,2,0,11,0,4,4,8.24,13.54,0.78,
11.458,83.13067937733048,101.74746942657005,-217.77,-73.08,52.45,0,1,0,7,0,5,5,6.97,6.08,3.24,
11.483,81.91506793773306,96.880746942657,-222.9,-102.61,80.79,0,1,0,6,0,4,4,6.47,0.00,18.84,
11.507,83.3415067937733,96.3850746942657,-96.78,208.53,-18.37,0,1,0,7,0,0,1,4.91,0.00,0.00,
11.532,86.44515067937733,98.23450746942657,-100.55,-43.89,28.58,0,1,0,7,0,1,0,0.69,0.00,0.00,
11.555,86.97151506793773,106.60945074694266,-41.93,140.8,4.43,0,1,0,7,0,2,0,0.20,0.00,0.00,
11.58,66.76515150679377,119.72294507469428,-54.54,-18.24,29.89,0,1,0,7,0,2,0,0.20,0.00,3.43,
11.604,54.817515150679384,129.36829450746941,-18.08,-41.09,3.67,0,1,0,8,0,2,0,0.00,0.00,6.57,
11.628,42.12975151506794,139.82782945074695,55.79,8.13,17.05,0,1,0,8,0,2,0,0.00,0.00,1.37,
11.653,30.924975151506793,148.6497829450747,99.56,-21.69,73.13,0,1,0,8,0,2,0,0.00,0.00,2.65,
11.677,26.94249751515068,153.56397829450748,141.22,-18.55,65.38,0,1,0,8,0,2,0,0.10,0.00,4.61,
11.701,27.786249751515065,154.96439782945075,174.21,-54.02,41.3,0,1,0,8,0,2,0,0.00,0.00,3.73,
11.725,31.794624975151507,151.89143978294507,182.13,-20.19,4.0,0,1,0,8,0,2,0,0.00,0.00,4.91,
11.75,36.155462497515146,146.24714397829453,165.72,-33.05,-30.5,0,1,0,8,0,2,0,0.00,0.00,4.91,
11.774,40.92954624975151,140.30071439782944,164.3,-36.9,-43.15,0,1,0,8,0,1,0,0.10,0.00,3.34,
11.798,46.374954624975146,134.44107143978295,164.56,-23.26,-35.47,0,1,0,8,0,1,0,0.00,0.00,4.02,
11.823,51.410495462497515,128.1311071439783,143.67,-54.28,-26.37,0,1,0,8,0,1,0,0.00,0.00,0.00,
11.847,55.964049546249754,122.17211071439783,135.47,-39.49,-17.8,0,1,0,8,0,1,0,0.00,0.00,0.00,
11.872,62.062404954624974,116.41021107143978,87.92,-39.4,-7.94,0,1,0,8,0,2,0,0.00,0.00,0.00,
11.896,66.6322404954625,109.60602110714397,30.5,-69.38,7.84,0,1,0,8,0,2,0,0.00,0.00,0.00,
11.92,70.68922404954624,101.02360211071439,14.48,24.08,31.16,0,1,0,8,0,2,0,0.00,0.00,0.00,
11.944,75.70292240495462,93.37936021107144,-11.42,-22.73,-4.62,0,1,0,8,0,2,0,0.00,0.00,0.00,
11.968,78.84129224049546,88.77193602110715,-63.51,16.48,-21.84,0,2,0,8,0,2,0,0.00,0.00,0.78,
11.993,83.32212922404955,89.7781936021107,-13.48,3.79,-102.34,0,1,0,8,0,2,0,0.00,0.00,0.00,
12.017,76.93921292240495,97.19581936021108,-137.27,-169.23,-230.92,0,1,0,8,0,1,0,0.00,0.00,11.77,
12.042,77.0029212922405,90.45858193602109,-228.27,86.28,-31.4,0,1,0,8,0,2,0,0.00,0.00,7.36,
12.065,79.36729212922405,89.6948581936021,-91.05,232.76,11.64,0,2,0,8,0,1,0,0.00,0.39,0.00,
12.09,86.8127292129224,87.3594858193602,-63.37,157.14,-49.63,0,3,0,8,0,1,0,0.59,0.00,9.91,
12.114,83.02127292129224,88.376948581936,-22.23,6.74,-28.23,3,4,0,10,0,1,0,1.37,0.49,5.10,
12.138,88.49212729212923,87.35369485819359,-12.37,110.98,-26.41,9,4,0,12,0,3,0,2.26,6.38,6.08,
12.163,86.15921272921292,88.25036948581936,-12.69,-34.51,7.47,10,5,0,1,0,3,0,3.63,11.48,7.16,
12.187,86.4749212729213,90.01403694858193,-0.73,71.96,-2.93,9,4,0,1,0,3,0,3.83,11.87,0.00,
12.212,86.05649212729213,91.83740369485821,-4.96,-20.3,-14.02,9,4,0,0,0,3,0,3.53,10.20,0.00,
12.235,85.7266492127292,92.15474036948582,-2.15,63.76,-12.09,8,4,0,1,0,3,0,3.53,9.61,0.00,
12.26,87.16066492127291,93.16747403694858,-8.02,12.14,-18.45,9,4,0,0,0,4,0,4.12,10.20,12.26,
12.284,86.3680664921273,94.34874740369486,-13.73,21.29,-3.66,9,4,0,1,0,5,0,5.20,11.58,7.75,
12.309,87.09880664921273,95.01587474036948,-11.32,12.17,-3.87,10,4,0,1,0,6,0,5.98,13.64,2.26,
12.334,86.96488066492128,95.98258747403696,-8.18,20.88,-1.18,10,5,0,2,0,6,0,6.47,15.99,0.69,
12.358,87.26648806649212,97.01525874740369,-9.21,2.98,-2.87,10,5,0,3,0,7,0,6.97,18.15,1.28,
12.383,87.35964880664922,97.43352587474037,-10.29,9.53,2.94,11,5,0,4,0,7,0,7.46,19.91,1.47,
12.407,87.18896488066493,97.87135258747404,-11.92,0.5,1.12,12,5,0,6,0,8,0,7.85,21.29,0.88,
12.432,87.23489648806648,98.1761352587474,-14.66,7.84,3.54,0,6,0,7,0,9,1,8.53,22.96,0.20,
12.456,87.21248964880664,99.42161352587473,-19.25,-6.18,13.47,2,6,1,8,0,9,1,9.12,24.62,0.00,
12.481,87.23724896488065,97.79116135258748,-18.4,-1.95,14.82,3,6,1,10,0,10,2,10.30,28.65,0.00,
12.506,87.79772489648806,98.14111613525876,-25.56,-17.89,10.53,4,7,1,11,1,10,2,12.16,31.78,0.00,
12.53,87.28677248964881,98.46411161352589,-24.76,0.01,11.02,6,7,1,12,1,11,3,14.42,35.32,0.00,
12.556,87.27167724896488,98.4424111613526,-29.74,-9.66,7.47,9,8,2,15,1,11,4,18.44,39.14,0.00,
12.58,87.40516772489649,98.44024111613527,-25.42,-1.66,8.21,11,8,2,20,1,11,5,21.48,42.97,0.00,
12.605,86.95051677248965,98.15202411161353,-28.22,-6.5,4.24,14,9,3,24,1,12,7,24.52,46.99,0.00,
12.63,86.37405167724897,97.53820241116135,-30.21,-18.27,-0.31,19,10,4,28,2,2,9,27.47,51.31,0.00,
12.655,86.13640516772489,97.08082024111613,-35.62,-8.98,-3.22,21,10,5,32,3,7,11,31.00,55.92,0.00,
12.68,85.78864051677249,95.73008202411162,-42.43,-13.13,-23.43,22,11,6,34,4,14,4,36.59,61.61,0.00,
12.705,85.24086405167725,95.19900820241116,-53.0,-28.86,-13.6,19,10,8,35,6,20,10,41.10,68.08,0.00,
12.731,84.89808640516772,94.77690082024112,-68.6,-13.11,15.21,10,9,10,32,7,27,14,45.81,72.59,0.00,
12.755,84.43180864051676,94.56369008202412,-80.9,-17.32,17.04,9,6,11,26,8,34,2,51.21,69.45,0.00,
12.781,83.47618086405167,94.11936900820241,-96.21,-5.11,-6.49,1,3,12,13,8,40,6,59.84,61.02,0.00,
12.806,82.75061808640517,92.97693690082023,-138.22,-33.74,-11.33,1,1,1,9,8,44,6,65.24,49.25,0.00,
12.83,81.90406180864052,93.62769369008203,-195.09,-8.19,10.21,1,1,0,5,7,46,14,68.47,36.59,0.00,
12.855,80.13640618086404,93.6297693690082,-211.67,34.15,-16.35,1,1,11,6,6,48,8,66.81,24.72,0.00,
12.88,81.6156406180864,93.55797693690081,-250.14,143.7,-4.89,1,1,8,8,5,46,12,53.37,13.93,0.00,
12.905,82.10556406180864,93.15479769369009,-250.14,93.25,20.98,1,1,3,9,2,28,6,24.33,6.47,0.00,
12.93,85.89855640618086,91.476479769369,-239.26,176.34,128.79,1,1,0,8,0,9,3,5.30,0.00,0.00,
12.954,87.86185564061809,87.5016479769369,-95.36,225.69,175.05,1,1,0,8,0,1,0,0.59,0.00,0.00,
12.979,88.1301855640618,81.0291647976937,-34.38,21.49,34.54,1,1,0,8,0,1,0,0.00,0.00,0.00,
13.002,96.06801855640619,76.70991647976936,3.43,102.45,-26.22,1,1,0,9,0,1,0,0.00,0.00,6.67,
13.027,99.71480185564062,70.76999164797694,-10.52,-67.11,-30.75,1,1,0,9,0,0,0,0.00,0.00,31.29,
13.051,87.39848018556407,84.0449991647977,30.11,-27.84,16.28,1,1,0,9,0,1,0,0.00,0.00,12.07,
13.076,65.1068480185564,64.05149991647977,50.11,1.34,9.35,1,1,0,9,0,1,0,0.00,0.00,5.69,
13.1,46.10168480185564,46.13114999164797,58.47,-35.88,-20.03,1,1,0,9,0,1,0,0.00,3.83,2.84,
13.124,31.790168480185564,28.4901149991648,101.75,-26.05,12.15,1,1,0,9,0,1,0,0.00,1.37,3.43,
13.148,17.822016848018556,15.881011499916479,111.85,-55.13,33.18,1,1,0,9,0,1,0,0.00,0.10,1.86,
13.172,9.306201684801856,8.104101149991648,131.18,-38.11,-8.98,1,1,0,9,0,1,0,0.00,0.59,6.28,
13.197,321.5016201684802,320.5714101149992,142.6,-56.05,10.01,1,1,0,9,0,1,0,0.00,0.98,4.02,
13.22,39.39516201684802,34.118141011499915,146.6,-65.38,10.16,1,1,0,9,0,1,0,0.00,1.18,3.63,
13.245,22.0385162016848,15.021814101149992,148.52,-61.56,23.67,1,1,0,9,0,2,0,0.00,2.06,3.34,
13.27,28.150851620168478,21.266181410115003,135.88,-59.18,26.25,1,1,0,9,0,2,0,0.00,1.67,4.51,
13.293,35.93508516201685,28.8206181410115,136.15,-40.32,-3.24,1,1,0,9,0,2,0,0.00,1.67,2.55,
13.318,43.32850851620168,35.633061814101154,152.76,-11.39,-31.24,1,1,0,9,0,2,0,0.00,1.96,1.86,
13.342,49.82785085162016,42.443306181410115,146.82,-17.74,-37.09,1,1,0,9,0,2,0,0.00,1.67,0.49,
13.366,55.814785085162015,48.66833061814101,122.27,-2.71,-51.68,1,2,0,9,0,2,0,0.00,1.47,0.10,
13.39,60.7154785085162,54.312833061814096,40.19,5.01,-67.98,1,2,0,9,0,1,0,0.00,0.00,0.00,
13.414,66.27254785085162,59.1252833061814,-46.5,-38.2,-96.45,1,2,0,9,0,0,0,0.00,0.00,0.00,
13.438,72.03925478508516,57.67152833061814,12.35,-106.03,27.31,1,1,0,9,0,2,1,0.49,9.91,0.00,
13.463,71.94092547850852,58.13815283306182,165.76,104.08,206.58,1,3,0,9,0,2,2,2.94,9.42,0.00,
13.488,70.85109254785085,68.21981528330619,23.16,174.39,-20.08,4,4,1,10,0,4,2,3.04,1.28,40.91,
13.512,74.86410925478509,74.15098152833062,-19.4,22.83,16.5,9,4,1,1,0,5,3,3.83,4.51,12.16,
13.537,74.66241092547851,76.67909815283306,-7.12,52.7,-16.33,8,4,1,3,0,5,4,4.91,7.06,6.38,
13.561,78.04424109254785,78.66890981528331,8.12,13.4,-25.24,8,4,2,5,0,5,4,5.98,10.40,3.73,
13.586,79.12042410925478,81.87389098152833,5.37,28.26,-1.52,9,4,2,7,0,6,4,7.06,12.56,2.84,
13.611,81.46004241092548,84.53438909815283,-9.97,-42.92,9.57,11,5,2,8,0,6,4,8.04,14.42,1.18,
13.635,82.09900424109254,86.86143890981528,-2.24,30.39,11.62,12,4,2,9,0,7,3,9.03,15.30,1.18,
13.66,82.03690042410925,87.97614389098152,-2.19,-19.14,-0.82,0,5,2,9,0,7,4,9.52,15.89,0.78,
13.684,83.07469004241092,89.70761438909815,0.99,22.97,-3.45,12,5,2,9,1,7,4,9.81,16.58,0.39,
13.709,84.11446900424109,91.34776143890983,-3.13,3.47,2.61,12,5,2,8,1,6,5,10.10,17.17,0.78,
13.733,84.95644690042411,92.69077614389099,-15.68,-12.17,13.66,12,5,2,8,1,6,5,10.50,17.17,0.69,
13.758,84.79764469004242,93.66207761438909,-4.57,17.69,4.69,12,5,2,8,1,6,5,10.69,17.17,0.29,
13.783,84.92576446900424,94.53320776143892,-5.84,-1.89,1.51,1,5,2,10,1,6,5,10.99,17.07,0.00,
13.808,85.46957644690042,95.05232077614389,-3.87,7.39,0.81,2,5,2,11,1,7,5,11.38,16.97,0.10,
13.832,85.51495764469004,95.67123207761438,-3.05,5.41,1.69,3,5,2,12,1,7,5,11.67,17.07,0.39,
13.856,85.59149576446899,96.14712320776144,-4.34,-2.38,4.45,4,5,2,14,1,7,5,11.77,16.97,0.69,
13.881,85.5361495764469,96.98671232077615,-5.05,1.85,2.15,4,5,2,14,1,7,5,11.48,16.78,0.59,
13.905,85.57561495764469,97.2146712320776,-4.73,3.76,1.31,4,5,2,14,1,8,5,11.58,18.15,0.20,
13.93,85.60656149576448,97.39946712320776,-3.91,2.08,0.56,5,5,2,14,1,8,5,11.48,18.05,0.49,
13.955,85.69065614957645,97.60694671232078,-3.38,0.25,0.89,5,5,2,14,1,8,5,11.48,17.85,0.20,
13.979,85.68106561495765,97.69069467123208,-3.21,0.31,1.46,5,5,2,15,1,8,5,11.28,16.78,0.00,
14.004,85.70710656149576,97.8700694671232,-3.1,0.06,1.32,6,5,2,15,1,7,5,11.18,16.68,0.10,
14.028,85.79071065614957,98.01400694671233,-3.88,-1.08,1.86,6,5,2,15,1,7,5,11.09,15.30,0.20,
14.053,85.90707106561496,98.04640069467123,-3.0,0.37,0.16,6,5,2,16,1,8,5,10.89,14.13,0.39,
14.077,85.9637071065615,98.17564006946712,-3.33,0.72,1.2,6,5,2,16,1,8,5,10.79,14.03,0.29,
14.102,85.96037071065614,98.27856400694672,-4.22,0.03,0.37,6,5,2,16,1,8,5,10.69,14.13,0.29,
14.127,85.99603707106562,98.32485640069467,-3.93,-0.25,0.26,6,5,2,16,1,8,5,10.69,14.62,0.29,
14.151,85.95460370710657,98.32948564006946,-3.49,0.09,0.27,6,5,2,16,1,8,5,10.69,12.56,0.69,
14.176,86.03146037071066,98.40194856400694,-3.85,0.47,0.89,6,5,2,15,1,8,5,10.59,12.36,0.59,
14.2,86.03914603707108,98.44519485640069,-4.77,0.39,0.67,6,5,2,16,1,8,5,10.50,12.16,0.59,
14.225,86.0219146037071,98.41351948564007,-4.7,-0.6,0.89,6,5,2,16,1,8,5,10.59,12.07,0.20,
14.249,86.00219146037071,98.38335194856401,-4.86,-0.53,1.18,6,5,2,17,1,8,5,10.69,12.07,0.00,
14.274,85.93721914603708,98.4163351948564,-4.92,-0.67,0.53,6,5,2,16,1,8,5,10.79,12.07,0.00,
14.299,85.8767219146037,98.35663351948564,-4.95,-0.48,1.54,6,5,2,17,1,8,5,10.89,12.07,0.00,
14.323,85.88867219146037,98.35966335194857,-4.53,-2.15,2.88,6,5,3,17,1,8,5,10.99,12.26,0.00,
14.348,85.81786721914604,98.29696633519487,-4.76,-4.44,2.31,6,5,3,17,1,8,5,11.09,12.46,0.10,
14.372,85.7567867219146,98.25469663351949,-4.95,0.27,0.85,6,5,3,17,1,8,5,11.09,12.46,0.49,
14.397,85.60667867219146,98.19646966335193,-4.9,-1.05,0.21,6,5,3,17,1,9,5,11.18,12.65,0.29,
14.422,85.52866786721916,98.1816469663352,-4.73,-0.83,0.63,6,5,3,17,1,9,5,11.18,12.85,0.29,
14.446,85.54786678672193,98.11716469663352,-4.86,-0.56,0.24,6,5,3,17,1,9,6,11.38,13.54,0.29,
14.471,85.53178667867219,98.12871646966335,-5.15,-0.45,-0.24,6,5,3,18,1,9,6,11.58,13.54,0.49,
14.495,85.46717866786722,98.12987164696632,-5.41,-0.54,0.42,6,6,3,20,1,9,6,11.87,12.75,0.49,
14.52,85.42471786678672,98.09398716469664,-5.49,-0.41,0.56,6,6,3,18,1,9,6,12.07,12.95,0.78,
14.544,85.39347178667867,98.07239871646965,-4.92,-0.49,0.4,6,6,3,19,1,9,6,12.26,13.34,0.39,
14.569,85.41734717866787,98.06123987164696,-4.8,-0.12,0.62,7,6,3,19,1,10,6,12.36,13.64,0.20,
14.594,85.31173471786678,98.0061239871647,-4.76,0.28,0.58,7,6,3,19,1,10,6,12.65,13.93,0.29,
14.618,85.31017347178668,97.95561239871647,-4.58,-0.22,0.31,7,6,3,19,1,10,6,12.65,14.81,0.20,
14.643,85.30101734717866,97.87856123987166,-3.98,0.52,0.45,7,6,3,19,1,10,6,12.65,13.83,0.29,
14.667,85.31810173471786,97.84385612398718,-3.87,0.65,0.65,7,6,3,19,1,10,6,12.85,13.93,0.39,
14.692,85.32881017347178,97.8223856123987,-4.27,-0.26,0.59,8,6,3,19,1,10,6,12.85,13.93,0.29,
14.717,85.35688101734718,97.73923856123987,-4.41,-0.05,0.68,8,6,3,19,1,10,6,13.05,14.22,0.39,
14.742,85.36868810173473,97.64092385612399,-4.15,0.31,1.5,8,6,3,19,1,10,7,13.24,13.93,0.59,
14.767,85.35186881017347,97.6130923856124,-3.5,0.33,1.53,8,6,3,21,1,11,7,13.34,12.75,0.49,
14.791,85.32318688101734,97.68230923856125,-3.44,-0.31,2.15,7,6,3,19,1,10,7,13.24,12.75,0.20,
14.816,85.26631868810173,97.63523092385613,-3.29,-0.56,2.62,8,6,3,19,1,10,7,13.44,12.65,0.00,
14.84,85.11663186881017,97.67552309238562,-3.12,1.68,2.4,8,6,3,19,1,10,7,13.44,12.85,0.00,
14.865,85.09266318688103,97.69755230923857,-3.24,0.31,1.26,8,6,3,19,1,10,8,13.34,12.75,0.00,
14.889,85.14426631868811,97.64575523092387,-3.11,0.8,1.37,8,6,3,20,1,10,8,13.24,12.65,0.20,
14.914,85.23942663186882,97.6405755230924,-2.98,2.36,0.77,8,6,3,19,1,10,8,13.15,12.56,0.20,
14.939,85.2219426631869,97.64005755230924,-3.57,1.52,0.8,8,6,3,20,1,10,9,13.05,12.56,0.20,
14.963,85.2741942663187,97.64900575523093,-3.49,1.26,0.62,8,6,3,20,1,10,9,13.24,12.56,0.00,
14.988,85.32441942663186,97.63190057552309,-3.31,2.51,0.89,8,6,3,20,1,11,9,13.24,12.56,0.00,
15.012,85.2844419426632,97.61219005755231,-3.05,2.38,1.08,8,6,3,17,1,10,9,13.34,12.46,0.29,
15.037,85.32544419426631,97.61921900575524,-3.37,1.29,0.82,7,6,3,19,1,11,9,13.24,12.56,0.49,
15.062,85.30254441942662,97.61092190057553,-3.21,1.95,0.24,8,6,3,20,1,11,9,13.24,12.46,0.49,
15.086,85.30925444194267,97.61009219005756,-3.34,0.4,0.11,8,6,3,20,1,11,9,13.24,12.46,0.20,
15.111,85.38192544419427,97.57400921900576,-3.3,1.34,0.1,8,6,3,20,1,11,9,13.15,12.56,0.20,
15.135,85.40719254441943,97.55240092190057,-3.22,1.56,-0.14,8,6,3,20,1,11,9,13.05,12.46,0.10,
15.161,85.37371925444195,97.58624009219005,-3.19,0.86,0.4,8,6,3,20,1,11,9,13.05,12.36,0.29,
15.185,85.3163719254442,97.60762400921901,-3.32,0.98,0.24,8,6,3,20,1,11,9,13.05,12.46,0.20,
15.21,85.34663719254442,97.6187624009219,-3.22,1.07,0.56,8,6,3,20,1,11,9,12.95,12.46,0.29,
15.235,85.42166371925445,97.6018762400922,-3.27,0.21,0.79,8,6,3,20,2,11,9,12.95,12.36,0.49,
15.259,85.47416637192545,97.62718762400922,-3.18,1.08,1.08,8,6,3,20,2,11,9,12.85,12.46,0.49,
15.284,85.43441663719256,97.64771876240093,-3.09,0.92,1.08,7,6,3,19,1,11,9,12.75,12.16,0.49,
15.308,85.43044166371926,97.6137718762401,-3.07,0.27,1.11,8,6,3,20,2,11,9,12.85,12.16,0.39,
15.333,85.42104416637193,97.61037718762401,-3.13,0.29,0.67,8,6,3,20,1,11,9,12.75,12.16,0.20,
15.357,85.44710441663719,97.5740377187624,-3.26,0.5,0.89,8,6,3,20,1,10,9,12.85,12.07,0.39,
15.382,85.41371044166371,97.55240377187624,-3.1,-0.08,0.74,8,6,3,20,1,10,9,12.65,12.07,0.00,
15.407,85.36537104416637,97.53224037718762,-3.22,0.41,0.64,8,6,3,20,1,10,9,12.75,12.16,0.10,
15.431,85.36053710441664,97.57522403771875,-3.11,0.79,1.2,8,6,3,20,1,10,9,12.75,11.97,0.29,
15.456,85.32405371044166,97.57952240377188,-3.35,0.36,0.98,8,6,3,20,1,10,9,12.75,11.97,0.29,
15.48,85.27540537104416,97.60695224037718,-3.48,0.31,0.72,8,6,3,20,1,10,9,12.75,11.87,0.39,
15.505,85.25254053710442,97.63669522403772,-3.63,0.14,0.83,8,6,3,20,1,10,9,12.75,11.87,0.20,
15.529,85.27725405371045,97.64866952240378,-4.03,0.05,0.73,8,6,3,20,2,10,9,12.95,12.07,0.39,
15.554,85.25272540537105,97.60486695224037,-4.18,0.48,0.79,8,6,3,21,2,10,9,13.15,12.07,0.69,
15.579,85.22327254053711,97.55548669522403,-4.04,0.53,0.98,9,6,3,21,2,10,9,13.24,12.26,0.49,
15.603,85.18432725405371,97.5415486695224,-3.8,0.31,0.98,9,6,3,21,2,10,9,13.34,12.46,0.59,
15.628,85.18943272540538,97.54915486695224,-3.5,0.64,0.82,9,6,3,20,2,10,9,13.54,12.46,0.49,
15.652,85.19894327254055,97.50491548669523,-3.27,0.78,0.96,8,6,3,21,2,10,9,13.54,12.56,0.39,
15.677,85.11889432725405,97.51849154866952,-3.1,-0.01,1.04,9,6,3,21,2,10,9,13.54,12.46,0.20,
15.702,85.1108894327254,97.51984915486695,-3.01,0.36,0.91,8,6,3,21,2,10,9,13.54,12.36,0.10,
15.726,85.18208894327255,97.52898491548669,-2.79,0.72,0.89,8,6,3,21,2,10,9,13.44,12.26,0.29,
15.751,85.22520889432727,97.52089849154866,-3.07,0.53,0.8,8,6,3,21,2,10,9,13.34,12.26,0.59,
15.775,85.19352088943273,97.52908984915487,-3.05,1.32,0.98,8,6,3,21,2,10,9,13.24,12.16,0.69,
15.801,85.16335208894327,97.49390898491549,-3.0,0.79,1.17,8,6,3,20,2,10,9,13.15,12.07,0.39,
15.825,85.16933520889432,97.47239089849154,-2.81,0.31,1.27,8,6,3,20,2,10,9,13.05,11.97,0.20,
15.85,85.20593352088943,97.47923908984916,-2.66,0.63,1.21,8,6,3,20,2,10,9,12.95,11.87,0.59,
15.875,85.19159335208894,97.52492390898492,-2.73,0.88,1.11,8,6,3,20,2,10,9,13.05,11.97,0.59,
15.899,85.1631593352089,97.52049239089848,-2.94,0.82,1.21,8,6,3,20,1,10,9,12.85,11.77,0.69,
15.924,85.18731593352089,97.50204923908984,-3.24,0.64,1.1,8,6,3,20,1,10,9,12.75,11.77,0.59,
15.948,85.23473159335208,97.49120492390898,-2.98,0.67,0.92,8,6,3,20,1,10,9,12.75,11.67,0.20,
15.973,85.20347315933522,97.5261204923909,-3.12,0.98,0.93,8,6,3,20,1,10,9,12.75,11.67,0.49,
15.997,85.20034731593353,97.51161204923909,-3.27,0.74,0.96,8,6,3,20,1,10,9,12.75,11.67,0.29,
16.022,85.18203473159336,97.5011612049239,-3.3,0.85,1.08,8,6,3,20,1,10,9,12.56,11.67,0.20,
16.047,85.22520347315934,97.48211612049239,-3.14,1.09,0.74,8,5,3,20,1,10,9,12.75,11.67,0.10,
16.071,85.22952034731594,97.49821161204923,-3.18,0.92,1.04,8,6,3,20,1,10,9,12.85,11.77,0.39,
16.096,85.2029520347316,97.51782116120492,-3.12,0.9,1.17,8,6,3,20,1,10,9,12.75,11.58,0.69,
16.12,85.20929520347315,97.5107821161205,-3.06,1.01,1.02,8,6,3,20,1,10,8,12.75,11.58,0.69,
16.145,85.2099295203473,97.51907821161205,-3.03,0.98,1.08,8,5,3,20,1,10,8,12.75,11.58,0.49,
16.169,85.20999295203472,97.51990782116121,-3.3,0.34,1.0,8,5,3,20,1,10,8,12.65,11.58,0.39,
16.194,85.19199929520347,97.53799078211613,-3.15,0.51,0.84,8,5,3,20,1,10,8,12.65,11.48,0.49,
16.219,85.20819992952033,97.45879907821161,-3.11,1.28,0.47,8,5,3,20,1,10,8,12.65,11.58,0.59,
16.243,85.17381999295203,97.51387990782116,-3.37,0.9,0.25,8,5,3,21,1,10,8,12.85,11.58,0.10,
16.268,85.1793819992952,97.4923879907821,-3.41,0.98,0.7,8,6,3,20,1,10,8,12.85,11.67,0.20,
16.292,85.16193819992952,97.50823879907821,-3.24,0.44,0.53,8,5,3,20,1,10,8,12.85,11.67,0.49,
16.317,85.19619381999296,97.50982387990783,-3.35,0.45,0.74,8,6,3,20,2,10,8,12.85,11.67,0.59,
16.342,85.1636193819993,97.54598238799079,-3.21,1.24,0.9,8,6,3,20,2,10,8,12.75,11.67,0.49,
16.366,85.12436193819994,97.52259823879908,-2.93,1.08,0.58,8,6,3,20,2,10,8,12.75,11.58,0.29,
16.391,85.17443619382,97.51125982387991,-2.76,1.19,0.74,8,5,3,20,1,10,8,12.75,11.48,0.49,
16.415,85.197443619382,97.51912598238799,-2.91,1.02,0.82,8,5,3,20,1,10,8,12.46,11.58,0.69,
16.44,85.1637443619382,97.5469125982388,-2.86,1.05,0.49,8,5,3,20,1,10,8,12.46,11.38,0.69,
16.464,85.19637443619382,97.55869125982389,-2.42,0.92,0.47,8,5,3,19,1,10,8,12.36,11.28,0.69,
16.489,85.14563744361939,97.54186912598239,-2.62,1.14,0.82,8,5,3,20,1,10,8,12.36,11.18,0.39,
16.514,85.16756374436194,97.56718691259823,-2.52,1.12,0.99,7,5,3,20,1,10,8,12.16,11.09,0.49,
16.539,85.1697563744362,97.56971869125982,-2.19,1.61,1.45,7,5,3,20,1,10,8,11.97,10.79,0.39,
16.564,85.13397563744363,97.57897186912598,-2.22,0.63,1.21,7,5,3,19,1,10,8,11.77,10.79,0.29,
16.588,85.13039756374437,97.6338971869126,-2.46,0.49,0.98,6,5,3,19,1,10,8,11.48,10.50,0.49,
16.613,85.16603975637445,97.66638971869126,-2.91,0.88,0.85,6,5,3,19,1,9,8,11.48,10.30,0.78,
16.637,85.20560397563743,97.68763897186913,-3.15,1.22,0.85,6,5,3,19,1,9,8,11.38,10.30,0.78,
16.662,85.18256039756375,97.72576389718692,-2.98,0.98,1.15,6,5,3,19,1,9,7,11.28,10.30,0.59,
16.686,85.18925603975637,97.7295763897187,-2.82,0.9,1.1,6,5,3,19,1,9,7,11.38,10.20,0.29,
16.71,85.21692560397564,97.72995763897188,-2.88,0.76,0.98,6,5,3,19,1,9,6,11.18,10.20,0.20,
16.735,85.24669256039758,97.73899576389718,-2.95,0.98,0.86,6,5,3,19,1,9,6,11.18,10.01,0.69,
16.759,85.23166925603977,97.68589957638972,-3.04,0.78,1.09,6,5,3,19,1,9,6,11.28,10.01,0.98,
16.784,85.23916692560397,97.66258995763897,-3.15,0.76,1.09,6,5,3,19,1,9,6,11.28,10.10,0.88,
16.808,85.2309166925604,97.6062589957639,-3.36,0.41,0.91,6,5,3,19,1,9,6,11.28,10.20,0.78,
16.833,85.23009166925604,97.62762589957639,-3.24,0.92,0.82,6,5,3,19,1,9,6,11.28,10.20,0.49,
16.858,85.25700916692561,97.63876258995764,-3.3,1.07,0.78,6,5,3,19,1,9,6,11.28,10.10,0.29,
16.882,85.25070091669257,97.60387625899577,-3.39,1.03,0.53,6,5,3,19,1,9,6,11.28,10.20,0.10,
16.907,85.28607009166926,97.59138762589959,-3.46,0.73,0.56,6,5,3,19,1,9,6,11.48,10.30,0.29,
16.931,85.28060700916693,97.59013876258996,-3.69,1.03,0.6,7,5,3,19,1,9,6,11.48,10.20,0.59,
16.956,85.36106070091671,97.590013876259,-3.4,1.31,1.08,7,5,3,20,1,9,6,11.58,10.30,0.59,
16.98,85.39610607009169,97.6350013876259,-3.53,0.98,0.97,7,5,3,20,1,9,6,11.58,10.40,0.59,
17.005,85.42661060700918,97.61250013876258,-3.59,0.6,1.08,7,5,3,20,1,9,6,11.58,10.50,0.39,
17.03,85.44766106070092,97.61025001387625,-3.31,0.73,0.97,7,5,3,20,1,9,6,11.77,10.50,0.39,
17.054,85.44976610607009,97.61002500138763,-3.34,0.97,0.82,7,5,3,20,1,9,6,11.77,10.59,0.49,
17.079,85.44997661060701,97.59200250013876,-3.4,0.69,0.89,7,5,3,20,1,9,7,11.87,10.69,0.49,
17.103,85.43199766106072,97.61720025001388,-3.36,0.69,1.21,7,5,3,20,1,9,7,11.97,10.69,0.59,
17.128,85.40319976610608,97.63772002500139,-3.62,1.05,0.82,7,5,3,20,1,9,7,12.07,10.59,0.39,
17.152,85.34631997661062,97.61277200250014,-3.48,0.85,0.98,8,5,3,21,1,9,7,11.97,10.79,0.49,
17.176,85.34963199766106,97.57427720025001,-3.64,0.68,0.85,7,5,3,20,1,10,7,12.26,10.89,0.59,
17.201,85.36796319976612,97.561427720025,-3.76,0.73,0.85,8,5,3,20,1,10,7,12.36,11.09,0.29,
17.225,85.35179631997661,97.6051427720025,-3.62,0.69,1.11,8,5,3,20,1,10,7,12.56,11.28,0.10,
17.251,85.29617963199767,97.60051427720025,-3.56,0.59,1.01,8,5,3,20,1,10,7,12.65,11.28,0.20,
17.275,85.31761796319977,97.57305142772003,-3.31,0.73,0.82,8,5,3,20,1,10,7,12.85,11.38,0.59,
17.3,85.38276179631997,97.597305142772,-3.31,1.31,0.98,8,5,3,20,1,10,8,12.85,11.48,0.69,
17.325,85.398276179632,97.6357305142772,-3.31,1.29,0.74,8,5,3,20,1,10,8,12.65,11.48,0.59,
17.349,85.37282761796321,97.61257305142772,-3.53,0.8,0.8,8,5,3,20,1,10,8,12.95,11.58,0.39,
17.374,85.35228276179632,97.61025730514277,-3.02,1.15,0.79,8,5,3,20,1,10,8,12.75,11.58,0.39,
17.398,85.36822827617965,97.64602573051428,-2.98,1.04,0.63,8,5,3,20,1,10,8,12.75,11.38,0.49,
17.423,85.29782282761798,97.60460257305144,-3.19,0.89,0.94,8,5,3,20,1,10,8,12.75,11.48,0.29,
17.447,85.29078228276181,97.58246025730514,-3.08,0.66,0.87,8,5,3,20,1,10,8,12.65,11.38,0.29,
17.472,85.29007822827619,97.56224602573052,-2.78,0.98,1.21,8,5,3,20,1,10,8,12.56,11.28,0.39,
17.497,85.23600782282763,97.56922460257306,-2.75,0.4,1.12,8,5,3,20,1,10,8,12.56,11.28,0.69,
17.521,85.19460078228276,97.5519224602573,-3.25,0.5,1.46,8,5,3,20,1,10,8,12.36,11.18,0.39,
17.546,85.19946007822828,97.56819224602573,-2.79,0.88,1.47,7,5,3,20,1,10,8,12.26,11.09,0.29,
17.57,85.21794600782283,97.60581922460257,-2.27,1.26,0.7,7,5,3,20,1,10,8,12.16,10.99,0.29,
17.595,85.2467946007823,97.64558192246025,-2.85,1.15,1.18,7,5,3,20,1,10,8,12.07,10.89,0.49,
17.619,85.24067946007823,97.64055819224603,-2.79,1.1,0.91,7,5,3,20,1,10,8,11.97,10.99,0.78,
17.644,85.21306794600781,97.6490558192246,-2.89,0.76,0.69,7,5,3,20,1,10,8,11.87,10.89,0.59,
17.669,85.23730679460077,97.70390558192246,-3.05,0.85,1.03,7,5,3,20,1,10,8,11.87,10.79,0.49,
17.693,85.24873067946008,97.70939055819224,-3.19,0.41,0.77,7,5,3,20,1,10,8,11.67,10.89,0.29,
17.718,85.24987306794601,97.68293905581923,-3.16,0.68,0.92,7,5,3,20,1,10,8,11.77,10.69,0.29,
17.742,85.2409873067946,97.68929390558193,-2.77,0.95,0.91,7,5,3,20,1,9,8,11.67,10.59,0.10,
17.767,85.23109873067946,97.6899293905582,-2.47,0.62,0.88,7,5,3,20,1,9,8,11.58,10.40,0.00,
17.792,85.28410987306796,97.70799293905581,-2.81,0.47,1.05,6,5,3,20,1,9,8,11.48,10.40,0.39,
17.816,85.30741098730681,97.73679929390558,-3.08,0.76,0.85,6,5,3,20,1,9,8,11.28,10.30,0.69,
17.841,85.37274109873067,97.73067992939056,-3.08,0.74,0.85,6,5,3,20,1,9,8,11.28,10.20,0.59,
17.865,85.38827410987307,97.73906799293906,-2.95,0.85,0.31,6,5,3,20,1,9,8,11.18,10.20,0.29,
17.89,85.36282741098731,97.70390679929392,-2.99,1.3,0.29,6,5,3,20,1,9,8,11.28,10.20,0.39,
17.914,85.32428274109873,97.6913906799294,-3.13,1.04,0.85,6,5,3,20,1,9,8,11.18,10.20,0.59,
17.939,85.32042827410987,97.70813906799293,-3.29,0.46,0.82,6,5,3,20,1,9,8,11.18,10.30,0.59,
17.964,85.32004282741099,97.6828139067993,-2.99,0.15,1.27,6,5,3,20,1,9,8,11.18,10.10,0.78,
17.988,85.3290042827411,97.71628139067994,-2.98,0.45,0.82,6,5,3,20,1,9,8,11.18,10.10,0.69,
18.013,85.3209004282741,97.78262813906801,-3.49,0.88,1.08,6,5,3,20,1,9,8,11.18,10.01,0.49,
18.037,85.3200900428274,97.80726281390682,-3.05,0.25,0.8,6,5,3,20,1,9,8,10.99,10.01,0.39,
18.061,85.27500900428274,97.7827262813907,-3.12,0.51,0.94,6,5,3,20,1,9,8,11.09,10.10,0.29,
18.085,85.30650090042829,97.80727262813907,-3.48,0.79,0.73,6,5,3,20,1,9,8,11.09,10.01,0.10,
18.11,85.23765009004283,97.80972726281391,-3.35,1.09,0.85,6,5,3,20,1,9,8,11.18,10.01,0.39,
18.135,85.23976500900427,97.81897272628139,-3.21,0.82,0.89,6,5,3,20,1,9,8,11.09,10.10,0.49,
18.159,85.23097650090044,97.82889727262813,-3.28,0.93,0.92,6,5,3,20,1,9,8,11.18,10.01,0.59,
18.184,85.23009765009004,97.85688972726281,-3.38,0.54,0.81,6,5,3,20,1,9,8,11.18,10.10,0.39,
18.208,85.22100976500901,97.79668897272629,-3.73,0.43,1.09,6,5,3,20,1,9,8,11.18,10.10,0.39,
18.233,85.2201009765009,97.79966889727262,-3.85,0.55,0.95,6,5,3,20,1,9,8,11.38,10.20,0.49,
18.257,85.22001009765009,97.79096688972727,-3.44,0.89,0.76,6,5,3,20,1,9,8,11.48,10.30,0.59,
18.282,85.17500100976501,97.75409668897274,-3.48,1.44,0.69,6,5,3,20,1,9,8,11.48,10.40,0.78,
18.307,85.17050010097651,97.75040966889728,-3.71,1.45,0.68,7,5,3,20,1,9,8,11.67,10.50,0.59,
18.331,85.15205001009765,97.70504096688973,-3.63,0.81,0.71,7,5,3,20,1,9,8,11.67,10.59,0.59,
18.356,85.17720500100977,97.67350409668897,-3.53,0.98,0.98,7,5,3,20,1,9,8,11.87,10.69,0.49,
18.38,85.13472050010098,97.6793504096689,-3.29,1.08,0.89,7,5,3,20,1,9,8,11.87,10.69,0.10,
18.405,85.1034720500101,97.6619350409669,-3.4,0.92,0.91,7,5,3,20,1,9,8,11.87,10.79,0.20,
18.429,85.11834720500102,97.6331935040967,-3.26,0.81,0.94,7,5,3,20,1,9,8,11.97,10.79,0.29,
18.454,85.12883472050011,97.59431935040968,-3.04,0.33,0.82,7,5,3,20,1,9,8,11.97,10.89,0.59,
18.479,85.18388347205001,97.57243193504097,-3.17,0.54,0.71,7,5,3,20,1,9,8,11.97,10.99,0.49,
18.503,85.19838834720501,97.6332431935041,-3.02,0.76,0.72,7,5,3,20,1,9,8,11.97,10.99,0.49,
18.528,85.19983883472051,97.66632431935041,-3.3,0.69,0.83,7,5,3,20,1,9,8,11.87,10.99,0.39,
18.551,85.20898388347204,97.69663243193504,-3.37,0.87,0.96,7,5,3,20,1,9,8,11.87,10.99,0.39,
18.576,85.24589838834721,97.68166324319351,-2.84,1.09,0.75,7,5,3,20,1,9,8,11.97,11.09,0.39,
18.6,85.24958983883472,97.68916632431936,-2.95,1.17,1.01,7,5,3,20,1,9,8,11.87,11.09,0.59,
18.625,85.30395898388348,97.70791663243193,-2.98,1.43,1.01,7,5,3,20,1,9,9,11.87,11.18,0.69,
18.65,85.26439589838836,97.7187916632432,-3.19,1.02,1.21,7,5,3,20,1,9,9,11.87,11.28,0.39,
18.674,85.28743958983884,97.68387916632432,-2.98,0.6,0.64,7,5,3,20,1,9,9,11.77,11.18,0.49,
18.699,85.28974395898389,97.66238791663244,-3.34,1.05,1.04,7,5,3,20,1,9,9,11.77,11.38,0.39,
18.723,85.2899743958984,97.62423879166325,-3.33,0.57,1.15,7,5,3,20,1,9,9,11.58,11.87,0.10,
18.748,85.27199743958984,97.62942387916632,-3.23,0.6,0.66,7,5,3,20,1,9,9,11.77,13.93,0.29,
18.772,85.288199743959,97.63894238791664,-3.44,0.88,0.67,7,5,3,20,1,9,9,11.67,14.42,0.29,
18.797,85.3168199743959,97.68489423879167,-3.37,1.08,0.22,7,5,3,20,1,9,9,11.67,12.65,0.78,
18.822,85.31968199743959,97.70748942387915,-3.15,1.01,0.23,7,5,3,20,1,9,9,11.87,13.24,0.98,
18.846,85.29296819974397,97.69174894238792,-3.32,0.75,0.76,7,5,3,20,1,9,9,11.77,12.85,0.59,
18.871,85.29929681997439,97.6901748942388,-3.02,0.67,0.79,7,5,3,20,1,9,9,11.97,13.15,0.39,
18.895,85.33592968199744,97.69901748942388,-3.13,0.71,0.31,8,5,3,20,1,10,9,11.97,14.32,0.39,
18.92,85.34859296819974,97.7179017489424,-3.4,0.15,0.51,7,5,3,20,1,10,9,11.87,12.65,0.69,
18.945,85.34085929681999,97.71979017489424,-3.26,0.57,0.66,7,5,3,20,1,10,9,11.97,11.58,0.29,
18.969,85.40308592968199,97.72897901748942,-3.17,1.42,0.78,8,5,3,20,1,10,9,11.97,11.67,0.29,
18.994,85.3643085929682,97.76589790174893,-2.96,1.18,0.53,8,6,3,20,1,10,9,12.16,11.77,0.39,
19.018,85.28843085929682,97.7515897901749,-3.26,0.83,0.99,8,5,3,20,1,10,9,12.07,11.87,0.39,
19.043,85.28984308592969,97.6961589790175,-3.37,0.45,1.27,8,6,3,20,1,10,9,12.07,11.87,0.20,
19.067,85.25398430859298,97.71761589790175,-3.48,0.3,1.55,7,6,3,20,1,10,9,12.07,11.77,0.29,
19.092,85.2953984308593,97.73776158979017,-3.31,1.01,1.15,7,6,3,20,1,10,9,12.16,11.87,0.29,
19.117,85.28153984308594,97.74877615897903,-3.21,0.62,1.13,8,6,3,20,1,10,9,12.26,11.97,0.69,
19.141,85.29815398430858,97.79487761589789,-3.36,0.69,1.03,7,6,3,20,1,10,9,12.26,12.36,0.78,
19.166,85.33581539843087,97.79948776158979,-3.59,0.66,1.14,7,6,3,20,1,10,9,12.46,12.65,0.69,
19.19,85.2855815398431,97.80894877615899,-3.99,1.19,0.91,8,6,3,21,1,10,9,12.46,14.32,0.29,
19.215,85.3255581539843,97.7378948776159,-3.73,0.21,0.67,8,6,3,21,1,10,9,12.65,14.52,0.39,
19.239,85.31155581539844,97.6947894877616,-3.37,0.92,0.56,8,6,3,21,1,10,9,12.95,15.11,0.20,
19.264,85.29215558153984,97.67247894877616,-3.02,0.67,0.56,8,6,3,21,1,10,9,13.05,15.30,0.10,
19.289,85.26321555815399,97.67924789487762,-3.24,0.64,0.7,8,6,3,21,1,10,9,13.05,13.44,0.29,
19.313,85.25132155581541,97.67992478948777,-2.88,0.54,1.13,8,6,3,21,1,10,9,13.05,13.34,0.29,
19.338,85.26813215558154,97.68899247894878,-2.86,0.67,1.11,8,6,3,21,1,10,9,12.95,13.24,0.49,
19.362,85.25181321555816,97.72589924789489,-2.88,0.7,1.46,8,5,3,21,1,10,9,12.75,13.05,0.39,
19.387,85.21418132155581,97.73858992478948,-3.26,0.44,1.34,8,5,3,21,1,10,9,12.56,13.15,0.39,
19.411,85.25541813215558,97.75785899247896,-3.21,0.11,1.48,8,5,3,21,1,10,9,12.56,13.24,0.39,
19.436,85.28654181321556,97.7327858992479,-3.05,1.03,1.76,7,5,3,21,1,10,9,12.65,13.15,0.39,
19.461,85.27165418132155,97.7302785899248,-3.05,1.22,1.67,6,5,3,20,1,10,9,12.46,13.15,0.69,
19.485,85.21616541813215,97.74802785899249,-2.82,0.83,1.34,6,5,3,20,1,10,9,12.46,13.05,0.69,
19.51,85.22861654181322,97.69580278589925,-2.82,2.04,1.89,5,5,3,20,1,10,9,12.26,12.95,0.49,
19.534,85.22086165418133,97.71758027858994,-2.48,1.3,1.18,5,5,3,20,1,10,9,12.16,12.95,0.39,
19.56,85.25608616541814,97.773758027859,-2.64,1.6,1.28,5,5,3,20,1,10,9,11.97,12.75,0.39,
19.585,85.21460861654181,97.86037580278591,-2.78,1.13,0.7,5,5,3,20,1,10,9,11.97,12.65,0.10,
19.609,85.21046086165417,97.82403758027858,-3.25,0.89,0.39,4,5,3,20,1,10,9,11.87,12.85,0.10,
19.634,85.2370460861654,97.83840375802787,-3.51,1.08,0.63,4,5,3,20,1,10,9,11.87,12.95,0.39,
19.658,85.22170460861655,97.74084037580279,-3.67,0.76,0.38,5,5,3,19,1,10,9,11.97,13.05,0.69,
19.683,85.19317046086167,97.69508403758029,-3.21,1.3,0.4,5,5,3,20,1,10,9,12.07,13.05,0.78,
19.707,85.25331704608618,97.75350840375803,-3.01,1.21,0.2,5,5,3,20,1,10,9,12.16,13.34,0.49,
19.732,85.30433170460863,97.7683508403758,-3.41,0.93,0.18,5,5,3,20,1,10,9,12.16,13.54,0.39,
19.757,85.25543317046088,97.7518350840376,-3.06,1.45,0.37,5,5,3,20,1,10,9,12.36,13.83,0.49,
19.781,85.2235433170461,97.77718350840377,-3.08,1.34,0.17,6,5,3,20,1,10,9,12.36,14.52,0.69,
19.806,85.24735433170461,97.81571835084037,-3.16,1.34,0.23,6,5,3,20,1,10,9,12.46,14.52,0.20,
19.83,85.22273543317047,97.81957183508403,-3.43,0.57,0.88,6,5,3,20,1,10,9,12.46,13.93,0.39,
19.855,85.27427354331705,97.7569571835084,-3.27,0.6,0.44,6,5,3,20,1,10,9,12.46,13.64,0.49,
19.879,85.30642735433172,97.75969571835086,-3.08,0.63,1.07,6,5,3,20,1,10,9,12.56,13.83,0.39,
19.904,85.30964273543319,97.74196957183509,-2.87,0.89,0.98,7,5,3,21,1,10,9,12.65,14.32,0.29,
19.929,85.28296427354333,97.75819695718351,-2.97,0.5,1.11,7,5,3,21,1,10,9,12.56,15.40,0.10,
19.953,85.28929642735434,97.72381969571836,-2.81,1.11,0.8,7,5,3,21,1,10,9,12.56,14.91,0.39,
19.978,85.28092964273544,97.69338196957185,-2.93,0.85,0.88,7,5,3,20,1,10,9,12.56,14.52,0.69,
20.002,85.28909296427355,97.70833819695717,-2.89,1.56,1.18,7,5,3,20,1,10,9,12.56,13.34,0.88,
20.027,85.23590929642737,97.7098338196957,-2.73,1.21,1.11,7,5,3,21,1,10,9,12.46,13.73,0.49,
20.051,85.27559092964275,97.70998338196956,-2.48,1.13,1.06,7,5,3,20,1,10,9,12.46,15.30,0.39,
20.076,85.32455909296426,97.72799833819695,-2.79,0.95,0.87,7,5,3,20,1,10,9,12.46,14.22,0.49,
20.101,85.36545590929644,97.7567998338197,-2.6,1.28,0.89,8,5,3,20,1,10,9,12.26,14.52,0.10,
20.125,85.37854559092965,97.80467998338197,-2.52,1.53,1.08,7,5,3,20,1,10,9,12.26,13.64,0.10,
20.15,85.36185455909296,97.86346799833821,-2.28,1.49,1.15,7,5,3,20,1,10,9,12.07,13.44,0.10,
20.174,85.37818545590929,97.84234679983383,-2.44,1.41,1.43,7,5,3,20,1,10,9,11.77,12.95,0.49,
20.199,85.33481854559092,97.87623467998338,-2.44,1.27,1.51,7,5,3,20,1,10,9,11.67,13.15,0.49,
20.224,85.42948185455909,97.91562346799833,-2.8,1.15,1.31,6,5,3,20,1,10,9,11.67,11.67,0.69,
20.248,85.44794818545591,97.91056234679984,-3.08,1.6,1.36,6,5,3,20,1,10,9,11.58,11.38,0.49,
20.273,85.38679481854558,97.95505623467999,-3.09,2.08,1.23,6,5,3,20,1,10,9,11.48,11.28,0.49,
20.297,85.38967948185456,97.93250562346802,-2.86,1.91,1.31,6,5,3,20,1,10,9,11.48,11.18,0.49,
20.322,85.39896794818547,97.93025056234681,-3.22,1.34,1.14,6,5,3,20,1,9,9,11.58,11.09,0.69,
20.346,85.42689679481856,97.94802505623468,-3.0,1.83,1.31,6,5,3,20,1,9,9,11.67,11.09,0.59,
20.371,85.42068967948185,97.91380250562347,-2.78,1.61,1.27,6,5,3,20,1,9,9,11.67,11.18,0.49,
20.396,85.41106896794818,97.96438025056234,-3.02,0.84,1.03,6,5,3,20,1,9,9,11.87,11.18,0.49,
20.42,85.44610689679482,97.95143802505623,-2.84,1.29,0.92,6,5,3,20,1,9,9,11.87,11.18,0.29,
20.445,85.45861068967949,97.96814380250562,-2.79,1.08,0.92,6,5,3,20,1,9,9,11.77,11.28,0.10,
20.469,85.47786106896795,97.93381438025057,-3.11,0.92,0.84,6,5,3,20,1,9,9,11.87,11.28,0.20,
20.494,85.4977861068968,97.96638143802505,-3.12,0.96,0.5,6,5,3,20,1,9,9,11.67,11.28,0.29,
20.518,85.53577861068968,97.95163814380251,-3.29,0.85,0.27,6,5,3,20,1,10,9,11.87,11.38,0.59,
20.543,85.59357786106895,97.95916381438025,-3.83,0.28,0.47,7,5,3,20,1,10,9,11.97,11.48,0.49,
20.568,85.65335778610688,97.96891638143802,-4.33,0.89,0.53,7,5,3,20,1,10,9,12.07,11.58,0.39,
20.592,85.6773357786107,97.9698916381438,-4.4,1.02,0.5,7,5,3,20,1,10,9,12.26,11.77,0.29,
20.617,85.62573357786107,97.95198916381437,-4.16,0.37,0.81,7,5,3,21,1,10,9,12.56,11.97,0.39,
20.641,85.64757335778611,97.92319891638144,-4.2,0.22,1.21,8,5,3,21,1,10,9,12.65,12.07,0.59,
20.666,85.66775733577862,97.89331989163814,-4.37,-0.34,0.8,8,5,3,21,1,10,9,12.85,12.16,0.59,
20.69,85.58877573357786,97.86333198916381,-4.22,-0.02,1.16,8,5,3,21,1,10,9,13.15,12.16,0.39,
20.715,85.5448775733578,97.84233319891639,-4.36,0.1,0.36,8,5,3,21,1,10,9,13.15,12.36,0.39,
20.74,85.54048775733578,97.85823331989164,-4.11,0.47,0.5,8,5,3,21,1,10,9,13.34,12.46,0.49,
20.764,85.50404877573358,97.82382333198916,-3.91,0.66,0.44,8,5,3,21,1,10,9,13.44,12.56,0.10,
20.789,85.39240487757336,97.76638233319892,-3.79,0.34,0.13,8,5,3,21,1,10,9,13.44,12.65,0.10,
20.813,85.29124048775735,97.76963823331988,-3.93,-0.3,0.18,8,6,3,21,2,10,9,13.64,12.75,0.29,
20.839,85.35312404877573,97.71596382333198,-3.81,0.03,-0.05,8,6,3,21,2,11,10,13.54,12.75,0.39,
20.864,85.35931240487757,97.7105963823332,-3.58,0.53,0.91,8,6,3,21,1,11,10,13.44,12.65,0.59,
20.888,85.34193124048777,97.65605963823333,-3.37,-0.24,0.53,8,6,3,21,2,11,10,13.44,12.65,0.59,
20.913,85.34919312404877,97.62360596382334,-3.22,0.08,0.79,8,6,3,21,2,11,10,13.34,12.65,0.59,
20.937,85.32291931240488,97.58436059638234,-3.51,0.82,0.63,9,6,3,21,2,11,10,13.24,12.46,0.39,
20.962,85.30229193124049,97.56243605963823,-3.7,1.02,0.76,9,6,3,21,1,11,10,13.15,12.46,0.10,
20.986,85.30022919312404,97.59624360596382,-3.89,0.57,0.79,9,6,3,21,1,11,10,13.34,12.56,0.00,
21.011,85.28202291931241,97.66262436059638,-3.91,0.59,0.82,9,6,3,21,2,11,10,13.44,12.65,0.00,
21.037,85.36120229193125,97.69626243605964,-3.89,0.82,1.15,9,6,3,20,2,11,10,13.54,12.65,0.39,
21.061,85.35112022919313,97.67262624360598,-3.7,1.05,1.4,9,6,3,22,2,11,10,13.64,12.85,0.59,
21.086,85.3771120229193,97.6612626243606,-3.61,0.98,1.2,9,6,3,22,2,11,10,13.93,12.95,0.39,
21.11,85.39771120229194,97.64212626243607,-3.97,1.11,1.37,9,6,3,22,2,11,10,13.93,12.85,0.39,
21.135,85.38177112022919,97.60421262624361,-4.02,0.21,1.9,9,6,3,22,2,11,10,14.13,12.95,0.29,
21.159,85.25417711202292,97.63642126262437,-3.97,-1.56,2.23,9,6,3,22,1,11,10,14.22,13.15,0.39,
21.184,85.1424177112023,97.66664212626245,-4.02,0.59,1.26,10,6,3,22,1,11,10,14.42,13.34,0.69,
21.21,85.17624177112023,97.65166421262624,-4.09,0.01,0.84,10,6,3,22,1,11,10,14.72,13.54,0.69,
21.234,85.17962417711203,97.65016642126263,-4.56,-0.45,1.34,10,6,3,22,1,11,10,14.81,13.64,0.20,
21.259,85.0449624177112,97.62301664212626,-4.56,-1.6,0.6,10,6,3,22,2,11,10,14.91,13.83,0.29,
21.283,85.06749624177112,97.61130166421263,-4.26,-1.32,1.76,10,6,3,22,2,11,10,15.11,14.03,0.29,
21.309,85.14174962417712,97.57413016642127,-4.03,0.55,0.72,10,6,3,22,2,11,10,15.21,14.13,0.29,
21.334,85.14017496241772,97.51641301664213,-3.52,0.98,1.04,10,6,3,22,2,11,10,15.21,14.32,0.29,
21.358,85.13101749624178,97.4656413016642,-3.16,0.89,1.13,10,6,3,22,2,11,10,15.11,14.52,0.59,
21.383,85.08510174962419,97.46056413016642,-2.9,0.83,1.05,10,6,3,22,2,11,10,15.11,15.01,0.69,
21.407,85.04451017496243,97.44205641301664,-3.02,-0.04,0.94,10,6,3,22,2,11,10,14.91,14.22,0.88,
21.433,85.04945101749624,97.47620564130166,-3.15,1.02,1.06,10,6,3,22,2,11,10,14.81,13.93,0.59,
21.457,85.05894510174963,97.41662056413016,-3.0,1.1,1.28,10,6,3,22,2,11,10,14.42,13.83,0.69,
21.482,85.10489451017497,97.43766205641302,-2.37,1.34,0.56,10,6,3,22,2,11,10,14.42,13.83,0.20,
21.507,85.0464894510175,97.4127662056413,-2.61,1.0,0.91,10,6,3,22,2,11,10,14.42,14.81,0.00,
21.531,85.06764894510175,97.34727662056414,-2.66,0.85,1.35,10,6,3,22,2,11,10,14.32,15.50,0.10,
21.557,85.06976489451017,97.34972766205641,-2.92,0.63,1.45,10,6,3,22,2,11,10,14.22,15.30,0.59,
21.581,85.06997648945102,97.34997276620564,-2.49,0.85,1.22,10,6,3,22,2,10,10,14.03,15.21,0.69,
21.606,85.1239976489451,97.39499727662057,-2.5,1.37,1.21,10,6,3,22,2,10,10,14.03,15.01,0.59,
21.63,85.08439976489451,97.40849972766205,-2.49,1.3,1.21,10,6,3,22,2,10,10,13.83,14.91,0.39,
21.655,85.09843997648946,97.42784997276621,-2.45,1.49,1.31,9,6,3,22,2,10,10,13.73,14.81,0.59,
21.68,85.10884399764895,97.46578499727661,-2.72,1.31,0.49,10,6,3,22,2,10,10,13.73,14.81,0.49,
21.705,85.1008843997649,97.47857849972766,-3.08,1.24,0.37,10,6,3,22,2,10,10,13.64,14.72,0.20,
